super category,category,sub category,brand,Priority,Expected Date
Electronics,Mobiles and Tablets,Mobile Phones,Apple,1,
Electronics,Mobiles and Tablets,Mobile Phones,Samsung,1,
Electronics,Mobiles and Tablets,Mobile Phones,Infinix,1,
Electronics,Mobiles and Tablets,Mobile Phones,SONY,1,
Electronics,Mobiles and Tablets,Mobile Phones,Blackberry,1,
Electronics,Cameras and Photography,Digital Cameras,NIKON,1,
Fashion,Mens Accessories,Watches,Casio,2,
Electronics,Mobiles and Tablets,Mobile Phones,HUAWEI,1,
Electronics,Gaming and Accessories,Gaming Consoles,SONY,1,
Electronics,Mobiles and Tablets,Mobile Accessories,Apple,1,
Electronics,Mobiles and Tablets,Mobile Phones,HTC,1,
Electronics,Mobiles and Tablets,Tablets,Apple,1,
Electronics,"TVs, Audio and Video",Televisions,Samsung,1,
Electronics,Cameras and Photography,Digital Cameras,Canon,1,
Electronics,Mobiles and Tablets,Mobile Phones,LG,1,
Electronics,Mobiles and Tablets,Mobile Phones,Xtouch,1,
Electronics,"Computers, Laptops and Storage",Laptops,Apple,1,
Fashion,Mens Accessories,Watches,Diesel,2,
Electronics,Mobiles and Tablets,Mobile Accessories,Samsung,1,
Electronics,Mobiles and Tablets,Mobile Phones,Lenovo,1,
Electronics,Mobiles and Tablets,Mobile Accessories,Sony,1,
Fashion,Womens Accessories,Watches,Casio,2,
Electronics,Cameras and Photography,Digital Cameras,SONY,1,
Electronics,Mobiles and Tablets,Tablets,SAMSUNG,1,
Electronics,"TVs, Audio and Video",Televisions,Eurostar,1,
Electronics,Mobiles and Tablets,Mobile Phones,Nokia,1,
Electronics,"TVs, Audio and Video",Speakers,JBL,1,
"Toys, Kids and Baby",Toys and Activities,Ride On and Scooters,Smart,3,
Electronics,"Computers, Laptops and Storage",Laptops,HP,1,
Electronics,Mobiles and Tablets,Mobile Phones,ASUS,1,
Electronics,Mobiles and Tablets,Tablets,Microsoft,1,
Electronics,"TVs, Audio and Video",Headphones and Earphones,Beats,1,
Electronics,Cameras and Photography,Digital Cameras,GOPRO,1,
Electronics,Mobiles and Tablets,Mobile Phones,Samsung,1,
Fashion,Unisex Accessories,Sunglasses,RAY BAN,2,
Home and Kitchen,Home Furnishing,Bed Linen,Knights bridge,3,
"Toys, Kids and Baby",Toys and Activities,Ride On and Scooters,I Touch,3,
"Beauty, Personal Care and Fragrances",Fragrances,Mens Fragrances,Calvin Klein,2,
Fashion,Mens Accessories,Sunglasses,Ray Ban,2,
Electronics,Cameras and Photography,Lenses,NIKON,1,
Electronics,Mobiles and Tablets,Tablets,Xtouch,1,
Electronics,Mobiles and Tablets,Mobile Accessories,Xtouch,1,
Fashion,Unisex Accessories,Watches,Casio,2,
"Beauty, Personal Care and Fragrances",Fragrances,Womens Fragrances,Calvin Klein,2,
"Beauty, Personal Care and Fragrances",Fragrances,Mens Fragrances,Hugo Boss,2,
Electronics,"TVs, Audio and Video",Televisions,Nikai,1,
Fashion,Womens Accessories,Watches,Michael Kors,2,
Electronics,"Computers, Laptops and Storage",Laptops,Dell,1,
Home and Kitchen,Small Appliances,"Juicer, Mixers and Grinders",Knewood,3,
Fashion,Mens Accessories,Watches,FITRON,2,
Electronics,Cameras and Photography,Lenses,Canon,1,
Electronics,Mobiles and Tablets,Mobile Accessories,Huawei,1,
Electronics,Gaming and Accessories,Gaming Consoles,PS4,1,
"Beauty, Personal Care and Fragrances",Fragrances,Womens Fragrances,Gucci,2,
Fashion,Mens Accessories,watches,Fossil,2,
Electronics,Mobiles and Tablets,Mobile Accessories,Infinix,1,
"Beauty, Personal Care and Fragrances",Fragrances,Womens Fragrances,Dolce and Gabbana,2,
"Beauty, Personal Care and Fragrances",Fragrances,Mens Fragrances,Givenchy,2,
Fashion,Mens Accessories,Watches,Guess,2,
Electronics,"TVs, Audio and Video",Headphones and Earphones,JBL,1,
Electronics,"TVs, Audio and Video",Home Theatre Systems,Nikai,1,
Electronics,Mobiles and Tablets,Mobile Accessories,Qube,1,
Electronics,"Computers, Laptops and Storage",Storage Devices,Sandisk,1,
Home and Kitchen,Home Tools,Home Improvement,BOSCH,3,
Fashion,Mens Clothing,T-shirts and Vests,THREADCURRY,2,
Electronics,Cameras and Photography,Digital Cameras,Panasonic,1,
Electronics,"TVs, Audio and Video",Headphones and Earphones,Skullcandy,1,
Electronics,"TVs, Audio and Video",Portable Audio Players,Apple,1,
Fashion,Mens Clothing,T-shirts & Vests,Phosphorus,2,
Automotive,Car Audio and GPS,Car Stereos,Pioneer,3,
"Beauty, Personal Care and Fragrances",Fragrances,Womens Fragrances,Givenchy,2,
"Beauty, Personal Care and Fragrances",Cosmetics and Personal Care,Bath and Body,Victorias secret,2,
Electronics,"TVs, Audio and Video",Televisions,LG,1,
Electronics,"Computers, Laptops and Storage",Routers and Modems,Huawei,1,
"Beauty, Personal Care and Fragrances",Fragrances,Womens Fragrances,Burberry,2,
"Beauty, Personal Care and Fragrances",Fragrances,Mens Fragrances,Jaguar,2,
"Beauty, Personal Care and Fragrances",Fragrances,Mens Fragrances,Mont blanc,2,
Fashion,Womens Accessories,Watches,Guess,2,
Electronics,Mobiles and Tablets,Mobile Accessories,Jabra,1,
Home and Kitchen,Home DÃ©cor,Lamps and Lightings,Just Goot,3,
Electronics,"TVs, Audio and Video",Televisions,sharp,1,
"Beauty, Personal Care and Fragrances",Fragrances,Womens Fragrances,Bvlgari,2,
"Beauty, Personal Care and Fragrances",Fragrances,Mens Fragrances,YSL,2,
Fashion,Mens Clothing,Polo Shirts,Phosphorus,2,
Home and Kitchen,Home Tools,Home Improvement,Zippo,3,
Electronics,Mobiles and Tablets,Mobile Phones,Elephone,1,
"Beauty, Personal Care and Fragrances",Fragrances,Mens Fragrances,Bvlgari,2,
Fashion,Mens Footwear,Sneakers,Seventy Five,2,
Electronics,"TVs, Audio and Video",Televisions,Sony,1,
Electronics,Cameras and Photography,Digital Cameras,Fujifilm,1,
"Beauty, Personal Care and Fragrances",Fragrances,Mens Fragrances,Lacoste,2,
Electronics,Cameras and Photography,Camera Accessories,Sevenoak,1,
"Beauty, Personal Care and Fragrances",Fragrances,Mens Fragrances,Paco Rabanne,2,
Fashion,Women Clothing,Dresses,Club L,2,
Electronics,Mobiles and Tablets,Mobile Phones,CAT,1,
Electronics,Mobiles and Tablets,Mobile Phones,Panasonic,1,
"Beauty, Personal Care and Fragrances",Fragrances,Womens Fragrances,Roberto Cavalli,2,
"Health, Nutrition and Sports",Sports,Sports Gear,Adidas,3,
Fashion,Men's Clothing,Shirts,MR BUTTON,2,
Fashion,Womens Accessories,Watches,DKNY,2,
Electronics,Mobiles and Tablets,Mobile Accessories,Besiter,1,
"Beauty, Personal Care and Fragrances",Small Appliances,Personal Appliances,Sonashi,2,
Fashion,Womens Clothing,Dresses,Femella,2,
Fashion,Mens Clothing,T-shirts & Vests,Tiktauli De Corps.,2,
"Beauty, Personal Care and Fragrances",Fragrances,Mens Fragrances,Dunhill,2,
Fashion,Womens Accessories,Watches,Fossil,2,
Fashion,Mens Accessories,Watches,Seiko,2,
Fashion,Mens Clothing,T-shirts and Vests,Dubai Heroes,2,
Electronics,Mobiles and Tablets,Mobile Phones,LEAGOO,1,
Electronics,"TVs, Audio and Video",Projectors,AIPTEK,1,
Fashion,Womens Accessories,Watches,ZYROS,2,
Electronics,Cameras and Photography,Lenses,Sigma,1,
"Beauty, Personal Care and Fragrances",Fragrances,Mens Fragrances,Chanel,2,
Electronics,"TVs, Audio and Video",Headphones and Earphones,Sony,1,
Fashion,Mens Clothing,T-shirts & Vests,Incult,2,
"Beauty, Personal Care and Fragrances",Fragrances,Womens Fragrances,Versace,2,
Home and Kitchen,Small Appliances,Choppers and Blenders,SONASHI,3,
Electronics,"TVs, Audio and Video",TV and AV Accessories,Google,1,
"Beauty, Personal Care and Fragrances",Fragrances,Mens Fragrances,Creed,2,
Electronics,Cameras and Photography,Camera Accessories,CANON,1,
Fashion,Mens Accessories,Watches,JBW,2,
Fashion,Women Clothing,Tops,Femella,2,
"Beauty, Personal Care and Fragrances",Fragrances,Mens Fragrances,Gucci,2,
"Beauty, Personal Care and Fragrances",Fragrances,Mens Fragrances,Davidoff,2,
Electronics,Mobiles and Tablets,Mobile Accessories,Samsung,1,
Home and Kitchen,Small Appliances,Coffee Makers,Delonghi,3,
Electronics,Mobiles and Tablets,Tablets,Ctroniq,1,
Electronics,Gaming and Accessories,Gaming Consoles,Microsoft Xbox,1,
Home and Kitchen,Home Tools,Home Improvement,Karcher,3,
"Beauty, Personal Care and Fragrances",Fragrances,Mens Fragrances,Carolina Herrera,2,
Fashion,Womens Accessories,Watches,OMAX,2,
Electronics,Gaming and Accessories,Gaming Consoles,Microsoft,1,
Electronics,"TVs, Audio and Video",Portable Audio Players,shuffle,1,
Fashion,Boy's Footwear,Kids,LED,2,
Electronics,Mobiles and Tablets,Mobile Accessories,Stylizedd,1,
Fashion,Mens Footwear,Lace ups,Seventy Five,2,
Electronics,Mobiles and Tablets,Mobile Accessories,Astrum,1,
Fashion,Mens Accessories,Watches,Michael Kors,2,
Automotive,Car Audio and GPS,Amplifiers,Pioneer,3,
Electronics,"TVs, Audio and Video",Headphones and Earphones,Jabra,1,
Home and Kitchen,Home Tools,Home Improvement,Black & Decker,3,
Home and Kitchen,Kitchenware,Tea and Coffee Serveware,Stylizedd,3,
Fashion,Women Clothing,Tops,People,2,
Home and Kitchen,Kitchenware,Tiffin and Flasks,EMSA / GERMANY,3,
"Beauty, Personal Care and Fragrances",Fragrances,Womens Fragrances,Lacoste,2,
Fashion,Mens Accessories,Watches,ZYROS,2,
Automotive,Car Audio and GPS,Car Speakers,PIONEER,3,
"Beauty, Personal Care and Fragrances",Fragrances,Womens Fragrances,Juicy Couture,2,
Home and Kitchen,Home Furnishing,Bed Linen,Majoli,3,
Fashion,Mens Accessories,Sunglasses,Oakley,2,
"Beauty, Personal Care and Fragrances",Fragrances,Womens Fragrances,Hugo Boss,2,
"Beauty, Personal Care and Fragrances",Fragrances,Mens Fragrances,Versace,2,
"Beauty, Personal Care and Fragrances",Fragrances,Mens Fragrances,ROBERTO CAVALLI,2,
"Beauty, Personal Care and Fragrances",Fragrances,Mens Fragrances,CHRISTIAN DIOR,2,
Fashion,Women Clothing,Tops,Jeifei Dress,2,
Electronics,Mobiles and Tablets,Tablets,Huawei,1,
Electronics,Mobiles and Tablets,Mobile Accessories,Rearth,1,
Electronics,Cameras and Photography,Digital Cameras,FUJI,1,
Fashion,Women Clothing,Tops,Rattrap,2,
Electronics,"Computers, Laptops and Storage",Laptops,Toshiba,1,
Fashion,Mens Accessories,Watches,HYPE,2,
Home and Kitchen,Home DÃ©cor,Wall DÃ©cor,MiiHome,3,
Fashion,Women Bags,Hand Bags,MySmar,2,
Electronics,Cameras and Photography,Camera Accessories,Easycover,1,
Fashion,Mens Footwear,Sports Shoes,And1,2,
Electronics,Cameras and Photography,Camera Accessories,Phottix,1,
Electronics,Gaming and Accessories,Gaming Consoles,XBOX,1,
Fashion,Womens Accessories,Watches,Olivera,2,
"Beauty, Personal Care and Fragrances",Fragrances,Mens Fragrances,BENTLEY,2,
Fashion,Men's Footwear,Sneakers,LED,2,
Fashion,Mens Accessories,Watches,Armani,2,
Electronics,Mobiles and Tablets,Mobile Phones,Jackleo,1,
"Toys, Kids and Baby",Toys and Activities,Remote Control Toys,Parrot,3,
Electronics,Cameras and Photography,Camera Accessories,Yongnuo,1,
Electronics,Mobiles and Tablets,Mobile Accessories,Target,1,
"Toys, Kids and Baby",Toys and Activities,Ride On and Scooters,smart balance wheel,3,
Electronics,Mobiles and Tablets,Tablets,Lenovo,1,
"Beauty, Personal Care and Fragrances",Fragrances,Womens Fragrances,CHRISTIAN DIOR,2,
Electronics,"Computers, Laptops and Storage",Storage Devices,Lexar,1,
Fashion,Mens Clothing,Pants & Chinos,Brave Soul,2,
Fashion,Women Bags,Hand Bags,Coach,2,
Electronics,Mobiles and Tablets,Mobile Accessories,Anker,1,
Fashion,Mens Clothing,Jeans,5EM JEANS,2,
Electronics,Mobiles and Tablets,Mobile Phones,Alcatel,1,
Fashion,Mens accessories,Sunglasses,Porsche Design,2,
Fashion,Women Clothing,Dresses,Lara Karen,2,
Electronics,Mobiles and Tablets,Mobile Phones,Ecco,1,
Fashion,Womens Accessories,Watches,MEMA,2,
Electronics,Mobiles and Tablets,Mobile Accessories,Sandisk,1,
Automotive,Car Audio and GPS,Car Stereos,Sony,3,
"Beauty, Personal Care and Fragrances",Cosmetics and Personal Care,Make Up,Ruby Rose,2,
Fashion,Mens Clothing,Jeans,MR MAC,2,
Electronics,Mobiles and Tablets,Mobile Accessories,MiLi,1,
Fashion,Womens Accessories,Sunglasses,RAY BAN,2,
Electronics,Gaming and Accessories,Gaming Accessories,Razer,1,
Fashion,Women Clothing,Tops,Stoee,2,
Fashion,Women's Clothing,Dresses,Xniva,2,
Fashion,Womens Accessories,Jewellery,Michael Kors,2,
Home and Kitchen,Home Furnishing,Bed Linen,BrightLinen,3,
Fashion,Women Clothing,Tops,Mysterious Miss,2,
Fashion,Mens Accessories,Watches,Olivera,2,
Electronics,Mobiles and Tablets,Mobile Accessories,Datazone,1,
Fashion,Women's Clothing,Dresses,Basicxx,2,
Electronics,Mobiles and Tablets,Mobile Accessories,Fitbit,1,
Fashion,Men's Clothing,Jackets and Coats,MR BUTTON,2,
Electronics,"Computers, Laptops and Storage",Desktops and Monitors,TwinMOS,1,
Electronics,Mobiles and Tablets,Mobile Phones,Oneplus,1,
Electronics,Gaming and Accessories,Gaming Titles,Sony Computer Entertainment Euro,1,
"Beauty, Personal Care and Fragrances",Fragrances,Mens Fragrances,aramis,2,
Electronics,Mobiles and Tablets,Mobile Accessories,Elephone,1,
Electronics,"Computers, Laptops and Storage",Computer Accessories,Apple,1,
Fashion,Men's accessories,Watches,Tommy Hilfiger,2,
Electronics,Mobiles and Tablets,Mobile Phones,Eurostar,1,
Electronics,Mobiles and Tablets,Mobile Accessories,IDEA,1,
Electronics,Mobiles and Tablets,Mobile Accessories,LG,1,
Electronics,"TVs, Audio and Video",Headphones and Earphones,Astrum,1,
Fashion,Women Clothing,Dresses,Jana Imaan,2,
Fashion,Womens Accessories,Jewellery,CWEEL Jewelry,2,
Home and Kitchen,Kitchenware,Cookware and Bakeware,philips,3,
"Beauty, Personal Care and Fragrances",Fragrances,Womens Fragrances,Lady Gaga,2,
Fashion,Mens Clothing,Shirts,Phosphorus,2,
Electronics,Mobiles and Tablets,Mobile Accessories,Ferrari,1,
Electronics,Gaming and Accessories,Gaming Titles,Electronic Arts,1,
Fashion,Women Clothing,Tops,Miss Bennett London,2,
Fashion,Men's accessories,Jewellery,Seventy Five,2,
"Beauty, Personal Care and Fragrances",Small Appliances,Personal Appliances,Babyliss,2,
Electronics,Cameras and Photography,Camera Accessories,VANGUARD,1,
Electronics,Gaming and Accessories,Gaming Titles,PS3,1,
Electronics,Small Appliances,Personal appliances,Braun,1,
Fashion,Men's Accessories,Watches,GC,2,
Electronics,"TVs, Audio and Video",Televisions,CHANGHONG,1,
"Beauty, Personal Care and Fragrances",Fragrances,Womens Fragrances,S.T. Dupont,2,
Fashion,Women Clothing,Dresses,Eternal,2,
Fashion,Women Clothing,Tops,Fort Collins,2,
Fashion,Womens Clothing,Dresses,Loumeidish,2,
Fashion,Mens Clothing,Jeans,Route 66,2,
Electronics,Mobiles and Tablets,Mobile Accessories,Seyver,1,
"Beauty, Personal Care and Fragrances",Fragrances,Womens Fragrances,Giorgio Armani,2,
Fashion,Men's accessories,Watches,Invicta,2,
"Beauty, Personal Care and Fragrances",Fragrances,Mens Fragrances,Ferrari,2,
Home and Kitchen,Small Appliances,Ovens and OTGs,Nikai,3,
Fashion,Mens Accessories,Watches,MEMA,2,
Electronics,Cameras and Photography,Digital Cameras,Xiaomi,1,
"Beauty, Personal Care and Fragrances",Fragrances,Mens Fragrances,Black Opium,2,
Electronics,Cameras and Photography,Digital Cameras,Trevi,1,
Fashion,Mens Footwear,Sandals,Comfort Plus,2,
Home and Kitchen,Small Appliances,Vacuum Cleaners,Nikai,3,
Home and Kitchen,Small Appliances,Fan,Sonashi,3,
Electronics,Mobiles and Tablets,Mobile Accessories,Xiaomi,1,
Electronics,Gaming and Accessories,Gaming Titles,PS4,1,
Home and Kitchen,Small Appliances,Coffee Makers,Elekta,3,
Fashion,Womens Accessories,Jewellery,Paradiso,2,
"Toys, Kids and Baby",Toys and Activities,Ride On and Scooters,F-Speed,3,
Electronics,Mobiles and Tablets,Mobile Accessories,OZONE,1,
Electronics,Mobiles and Tablets,Mobile Phones,Microsoft,1,
Home and Kitchen,Small Appliances,Choppers and Blenders,Braun,3,
Fashion,Womens Clothing,Dresses,Jopcorn,2,
Electronics,Mobiles and Tablets,Mobile Accessories,Cogito,1,
Fashion,Mens Accessories,Watches,Emporio Armani,2,
Fashion,Men's Clothing,Hoodies and Sweatshirts,Dubai Hero,2,
Electronics,"TVs, Audio and Video",TV and AV Accessories,Apple,1,
Electronics,Cameras and Photography,Digital Cameras,SJCAM,1,
"Beauty, Personal Care and Fragrances",Fragrances,Womens Fragrances,Estee Lauder,2,
Fashion,Mens Clothing,T-shirts and Vests,Bhane,2,
Automotive,Car Audio and GPS,Subwoofers,Pioneer,3,
Electronics,Mobiles and Tablets,Mobile Accessories,Native Union,1,
Fashion,Unisex Accessories,Jewellery,Beecool,2,
"Beauty, Personal Care and Fragrances",Fragrances,Mens Fragrances,Burberry,2,
Electronics,Cameras and Photography,Digital Cameras,Goextreme,1,
Automotive,Car Accessories,Car Care Products,AVH,3,
"Beauty, Personal Care and Fragrances",Small Appliances,Personal Appliances,Elekta,2,
Fashion,Women Clothing,Jeans,Upperclass,2,
"Beauty, Personal Care and Fragrances",Fragrances,Mens Fragrances,Ralph Lauren,2,
Electronics,Mobiles and Tablets,Mobile Accessories,PhoneSuit,1,
Electronics,"TVs, Audio and Video",Headphones and Earphones,Apple,1,
Electronics,"TVs, Audio and Video",Televisions,Toshiba,1,
Electronics,Mobiles and Tablets,Mobile Phones,MOTOROLA,1,
Electronics,"Computers, Laptops and Storage",Storage Devices,MiLi,1,
Fashion,Mens Clothing,Hoodies & Sweatshirts,Seventy Five,2,
Fashion,Womens Accessories,Watches,Esprit,2,
Electronics,Mobiles and Tablets,Mobile Accessories,Garmin,1,
"Beauty, Personal Care and Fragrances",Fragrances,Womens Fragrances,Paco Rabanne,2,
Fashion,Women Clothing,Tops,Lara Karen,2,
Home and Kitchen,Small Appliances,"Juicer, Mixers and Grinders",Braun,3,
Fashion,Mens Accessories,Jewellery,Il Signor,2,
Electronics,Gaming and Accessories,Gaming Titles,Microsoft,1,
Electronics,"Computers, Laptops and Storage",Routers and Modems,TP-Link,1,
Fashion,Mens Footwear,Slip ons,Seventy Five,2,
Electronics,"TVs, Audio and Video",Speakers,Renon,1,
Electronics,Gaming and Accessories,Gaming Titles,2K,1,
Home and Kitchen,Small Appliances,"Juicer, Mixers and Grinders",Nikai,3,
Electronics,"TVs, Audio and Video",Headphones and Earphones,LG,1,
Electronics,Mobiles and Tablets,Mobile Phones,Google,1,
Electronics,"TVs, Audio and Video",Headphones and Earphones,Itech,1,
Fashion,Women Bags,Women Bags,Calvin Klein,2,
Electronics,Gaming and Accessories,Gaming Consoles,Playstation,1,
Electronics,Mobiles and Tablets,Mobile Accessories,Plantronics,1,
Fashion,Men's accessories,Sunglasses,Seventy Five,2,
Fashion,Women Bags,Handbags,Calvin Klein,2,
Home and Kitchen,Small Appliances,"Juicer, Mixers and Grinders",SONASHI,3,
Electronics,"TVs, Audio and Video",Televisions,TCL,1,
Home and Kitchen,Small Appliances,Toasters and Grills,Nikai,3,
Fashion,Women Clothing,Tops,Espresso,2,
Electronics,"Computers, Laptops and Storage",Laptops,Lenovo,1,
"Beauty, Personal Care and Fragrances",Fragrances,Womens Fragrances,Elizabeth Arden,2,
Electronics,Mobiles and Tablets,Tablets,Asus,1,
Fashion,Unisex Accessories,Sunglasses,UV,2,
Fashion,Womens Clothing,Dresses,Y.Z.K,2,
Automotive,Car Audio and GPS,Car Speakers,Kenwood,3,
Home and Kitchen,Small Appliances,Iron,Sonashi,3,
Fashion,Mens Clothing,T-shirts & Vests,Tagd New York,2,
"Beauty, Personal Care and Fragrances",Fragrances,Womens Fragrances,Davidoff,2,
Fashion,Women Bags,Women Bags,Michael Michael Kors,2,
Fashion,Mens Footwear,Sports Shoes,Saucony,2,
Electronics,Mobiles and Tablets,Mobile Accessories,Belkin,1,
Fashion,Womens Clothing,Dresses,Miss Bennett London,2,
Fashion,Mens Accessories,Watches,VETOR,2,
Fashion,Womens Accessories,Watches,Calvin Klein,2,
Home and Kitchen,Small Appliances,Choppers and Blenders,Knewood,3,
Fashion,Womens Accessories,Jewellery,Pretty Little Things,2,
"Health, Nutrition and Sports",Health,Health Devices,iHealth,3,
Electronics,Mobiles and Tablets,Mobile Accessories,Momax,1,
Fashion,Women Bags,Handbags,Tommy Hilfiger,2,
Electronics,Cameras and Photography,Camera Accessories,Boya Microphone,1,
Home and Kitchen,Small Appliances,Garment Steamer,Nikai,3,
Fashion,Mens Clothing,Shirts,Bhane,2,
Electronics,Mobiles and Tablets,Mobile Phones,Four,1,
Automotive,Car Accessories,Interior Accessories,LUXA2,3,
Fashion,Women Clothing,Jackets and Coats,Femella,2,
"Beauty, Personal Care and Fragrances",Fragrances,Womens Fragrances,Guess,2,
Electronics,"Computers, Laptops and Storage",Routers and Modems,D-Link,1,
Fashion,Girls Clothing,Kids,Elfin Kidz,2,
Home and Kitchen,Small Appliances,Food Processors,Nikai,3,
Electronics,Gaming and Accessories,Gaming Titles,Activision,1,
Fashion,Mens Accessories,Watches,Skagen,2,
Electronics,Mobiles and Tablets,Mobile Accessories,Spigen,1,
Fashion,Boys Clothing,Kids,Cute Edition,2,
Electronics,Gaming and Accessories,Gaming Titles,Ubisoft,1,
Electronics,"TVs, Audio and Video",Headphones and Earphones,Sonashi,1,
Electronics,"Computers, Laptops and Storage",Computer Accessories,Microsoft,1,
Electronics,Cameras and Photography,Digital Cameras,Canon,1,
Fashion,Women Bags,Handbags,DKNY,2,
Fashion,Women Clothing,Dresses,Femella,2,
Home and Kitchen,Kitchen Appliances,Electric Kettles,Nikai,3,
Fashion,Mens Clothing,Polo Shirts,Tiktauli De Corps.,2,
Electronics,"TVs, Audio and Video",Speakers,MICROLAB,1,
Electronics,Cameras and Photography,Camera Accessories,Ozone,1,
"Beauty, Personal Care and Fragrances",Fragrances,Mens Fragrances,Dolce and Gabbana,2,
"Beauty, Personal Care and Fragrances",Fragrances,Womens Fragrances,YVES SAINT LAURENT,2,
Home and Kitchen,Home DÃ©cor,Lamps and Lightings,Mipow,3,
Electronics,"Computers, Laptops and Storage",Computer Accessories,Freebie,1,
Fashion,Mens Footwear,Sneakers,Santa Monica Polo Club,2,
"Beauty, Personal Care and Fragrances",Fragrances,Mens Fragrances,DOLCE GABBANA,2,
Electronics,Cameras and Photography,Digital Cameras,Samsung,1,
Fashion,Women Clothing,Lingerie and Nightwear,Hidden Beauty Lingerie,2,
Fashion,Womens Footwear,Boots,Jentovor,2,
Home and Kitchen,Small Appliances,Gas Stoves,Nikai,3,
Electronics,Cameras and Photography,Camera Accessories,Nikon,1,
Fashion,Mens Accessories,Watches,HELOISA,2,
Fashion,Mens Clothing,Hoodies and Sweatshirts,Dubai Heroes,2,
Electronics,Mobiles and Tablets,Mobile Accessories,Kaiser Baas,1,
Electronics,Mobiles and Tablets,Mobile Phones,One Plus One,1,
Fashion,Women Clothing,Dresses,MB,2,
Home and Kitchen,Small Appliances,Lights and Torches,Sonashi,3,
Fashion,Womens Clothing,Dresses,Fashion Classic,2,
Electronics,Mobiles and Tablets,Mobile Accessories,Cygnett,1,
Electronics,Cameras and Photography,CCTV Cameras,Petcube,1,
Fashion,Women Clothing,Lingerie & Nightwear,Brassi Belweiss,2,
Fashion,Mens Clothing,Jeans,ZESS,2,
Fashion,Mens Bags,Bags,Highflyer,2,
Electronics,Mobiles and Tablets,Mobile Accessories,Logitech,1,
Home and Kitchen,Small Appliances,Microwaves,Eurostar,3,
Fashion,Womens Accessories,Watches,Juicy Couture,2,
Fashion,Mens Accessories,watches,Armani Exchange,2,
"Beauty, Personal Care and Fragrances",Cosmetics and Personal Care,Make Up,Make Up Forever,2,
Fashion,Men's accessories,Watches,Q&Q,2,
Home and Kitchen,Small Appliances,Toasters and Grills,Knewood,3,
Electronics,Mobiles and Tablets,Mobile Accessories,WiThings,1,
Fashion,Women Clothing,Arabian Clothing,Capricieuse,2,
Electronics,Mobiles and Tablets,Mobile Accessories,Smart iFit,1,
Electronics,Mobiles and Tablets,Mobile Accessories,Smart,1,
"Beauty, Personal Care and Fragrances",Cosmetics and Personal Care,Make Up,Revlon,2,
Home and Kitchen,Small Appliances,Choppers and Blenders,Nikai,3,
"Beauty, Personal Care and Fragrances",Fragrances,Womens Fragrances,J. Lo,2,
Electronics,Cameras and Photography,Camera Accessories,Slik,1,
Electronics,"TVs, Audio and Video",Speakers,BEATS,1,
Electronics,"Computers, Laptops and Storage",Storage Devices,Toshiba,1,
Electronics,Cameras and Photography,Camera Accessories,Monopod,1,
Electronics,Cameras and Photography,Lenses,Nikkor,1,
Electronics,Mobiles and Tablets,Mobile Accessories,HTC,1,
"Beauty, Personal Care and Fragrances",Fragrances,Womens Fragrances,DKNY,2,
"Health, Nutrition and Sports",Health,Health Devices,Xiaomi,3,
"Beauty, Personal Care and Fragrances",Cosmetics and Personal Care,Skin Care,Victorias Secret,2,
Home and Kitchen,Home Furnishing,Bed Linen,BusDeal,3,
Fashion,Womens Accessories,Watches,FITRON,2,
Fashion,Womens accessories,Jewellery,Majique London,2,
Electronics,"TVs, Audio and Video",Speakers,Vivitar,1,
"Beauty, Personal Care and Fragrances",Fragrances,Womens Fragrances,Dolce & Gabbana,2,
Home and Kitchen,Small Appliances,Choppers and Blenders,Elekta,3,
"Beauty, Personal Care and Fragrances",Small Appliances,Personal Appliances,Hitachi,2,
Fashion,Women Clothing,Dresses,Sangria,2,
Home and Kitchen,Small Appliances,Water Dispenser,Eurostar,3,
Automotive,Car Accessories,Interior Accessories,Sparco,3,
Fashion,Women Clothing,Dresses,Shibori Designs,2,
Fashion,Mens Accessories,Watches,ELLETIER,2,
Electronics,Gaming and Accessories,Gaming Titles,EA sports,1,
Home and Kitchen,Small Appliances,Fryers,Elekta,3,
Electronics,Gaming and Accessories,Gaming Titles,Bandai Namco,1,
Electronics,Gaming and Accessories,Gaming Accessories,Sony,1,
Fashion,Mens Accessories,Sunglasses,Arnette,2,
Fashion,Womens Accessories,Jewellery,ROXI,2,
Electronics,"TVs, Audio and Video",Speakers,Modecom,1,
Fashion,Women Bags,Hand Bags,TOURISTOR,2,
Electronics,Mobiles and Tablets,Mobile Accessories,Toshiba,1,
Electronics,Mobiles and Tablets,Mobile Accessories,VR One,1,
Fashion,Men's accessories,Sunglasses,Jeepers Peepers,2,
"Beauty, Personal Care and Fragrances",Fragrances,Womens Fragrances,Chanel,2,
Fashion,Girls Clothing,Infant,Baby and Gril,2,
Electronics,Cameras and Photography,Camera Accessories,GO PRO,1,
Fashion,Mens Clothing,T-shirts and Vests,Kal Jacobs,2,
Home and Kitchen,Small Appliances,Microwaves,Knewood,3,
Fashion,Womens Clothing,Dresses,Desert Chic,2,
Fashion,Women Clothing,Dresses,Anaya,2,
Automotive,Car Audio and GPS,Car Stereos,JVC,3,
Fashion,Women Footwear,Sandals,Qupid,2,
"Beauty, Personal Care and Fragrances",Personal Appliances,Hair Dryers,Elekta,2,
Home and Kitchen,Household Supplies,Others,Beecool,3,
Fashion,Mens Bags,Bags,Targus,2,
Electronics,Mobiles and Tablets,Mobile Accessories,Aukey,1,
Electronics,"Computers, Laptops and Storage",Computer Accessories,Socko,1,
Fashion,Women Bags,Hand Bags,Beecool,2,
Electronics,"TVs, Audio and Video",Home Theatre Systems,HT,1,
Fashion,Women Bags,Hand Bags,Highflyer,2,
Fashion,Men's Clothing,T-shirts and Vests,MR BUTTON,2,
Electronics,Gaming and Accessories,Gaming Titles,Namco Bandai,1,
Fashion,Womens Accessories,Watches,Kookai,2,
Automotive,Car Accessories,Car Care Products,Pioneer,3,
Electronics,"TVs, Audio and Video",Portable Audio Players,Beecool,1,
Fashion,Women Clothing,Tops,NOI,2,
Fashion,Women Clothing,Skirts,Tjori,2,
"Beauty, Personal Care and Fragrances",Fragrances,Womens Fragrances,Aigner,2,
Electronics,Gaming and Accessories,Gaming Consoles,Nintendo,1,
"Beauty, Personal Care and Fragrances",Cosmetics and Personal Care,Make Up,Estee Lauder,2,
Fashion,Mens Footwear,Sneakers,K Swiss,2,
Fashion,Men's Clothing,Pants and Chinos,MR BUTTON,2,
Fashion,Womens accessories,Jewellery,Charles Delon,2,
"Beauty, Personal Care and Fragrances",Cosmetics and Personal Care,Make Up,Medora,2,
Electronics,"TVs, Audio and Video",Speakers,Stelle,1,
Home and Kitchen,Small Appliances,Food Processors,Braun,3,
Electronics,"Computers, Laptops and Storage",Computer Accessories,Targus,1,
Electronics,"TVs, Audio and Video",Speakers,Jawbone,1,
Home and Kitchen,Home DÃ©cor,Clocks,DOJANA,3,
Home and Kitchen,Home Tools,Home Improvement,TELWIN,3,
Fashion,Mens Clothing,T-shirts & Vests,Unisopent Designs,2,
Fashion,Mens Clothing,Polo Shirts,Tagd New York,2,
Fashion,Mens Clothing,Jeans,Rookies Jeans,2,
Electronics,"Computers, Laptops and Storage",Storage Devices,PhotoFast,1,
"Beauty, Personal Care and Fragrances",Fragrances,Womens Fragrances,Escada,2,
Fashion,Women Clothing,Tops,Lumière Timing,2,
Fashion,Mens Accessories,Watches,OMAX,2,
Fashion,Womens accessories,Watches,Q&Q,2,
Home and Kitchen,Small Appliances,Toasters and Grills,SONASHI,3,
"Beauty, Personal Care and Fragrances",Fragrances,Mens Fragrances,Azzaro,2,
Fashion,Women Clothing,Tops,Alia Bhatt Collection,2,
Electronics,Mobiles and Tablets,Mobile Accessories,lacie,1,
Electronics,Mobiles and Tablets,Mobile Accessories,Microsoft,1,
Home and Kitchen,Small Appliances,Heater,Nikai,3,
"Beauty, Personal Care and Fragrances",Fragrances,Mens Fragrances,giorgio armani,2,
Fashion,Mens Clothing,Shirts,Another Influence,2,
Fashion,Women Clothing,Dresses,Rain & Rainbow,2,
Fashion,Women Clothing,Dresses,People,2,
Fashion,Mens Bags,Bags,Tommy Hilfiger,2,
Home and Kitchen,Kitchenware,Kitchen Tools,TESCOMA / ITALY,3,
Fashion,Girls Clothing,Infant,F.L.W,2,
Home and Kitchen,Small Appliances,Fan,Nikai,3,
Fashion,Womens Clothing,Dresses,Jeasnnia,2,
Home and Kitchen,Home Tools,Home Improvement,KORONA / GERMANY,3,
Fashion,Girls Clothing,Infant,Cute Edition,2,
Electronics,"Computers, Laptops and Storage",Printers and Scanners,Brother Printers,1,
Electronics,"Computers, Laptops and Storage",Computer Accessories,Aoutec,1,
Fashion,Mens Clothing,Jeans,Phosphorus,2,
Home and Kitchen,Kitchenware,Tea and Coffee Serveware,EuroHome,3,
Electronics,Mobiles and Tablets,Mobile Accessories,FitBit,1,
Electronics,"Computers, Laptops and Storage",Routers and Modems,Linksys,1,
Home and Kitchen,Small Appliances,Electric Cookers,Elekta,3,
Fashion,Mens Accessories,Watches,Calvin Klein,2,
Home and Kitchen,Small Appliances,Vacuum Cleaners,Eurostar,3,
"Beauty, Personal Care and Fragrances",Fragrances,Mens Fragrances,Hermes,2,
Electronics,Mobiles and Tablets,Mobile Accessories,Mipow,1,
Electronics,Gaming and Accessories,Gaming Accessories,BLOODY,1,
Home and Kitchen,Small Appliances,Choppers and Blenders,Emjoi Power,3,
Fashion,Girls Clothing,Infant,ACILLO Kids,2,
Electronics,Mobiles and Tablets,Mobile Accessories,Aliph,1,
Fashion,Unisex Accessories,Watches,Appetime,2,
Fashion,Womens Accessories,Jewellery,Crunchy Fashion,2,
Fashion,Women Bags,Hand Bags,Guess,2,
Fashion,Women Bags,Handbags,Michael Michael Kors,2,
"Beauty, Personal Care and Fragrances",Fragrances,Womens Fragrances,Chopard,2,
Fashion,Women Clothing,Tops,Popnetic,2,
Fashion,Womens Clothing,Dresses,Loumeidisha,2,
Electronics,Mobiles and Tablets,Mobile Accessories,Energizer,1,
"Beauty, Personal Care and Fragrances",Fragrances,Mens Fragrances,LANCOME,2,
Fashion,Girl's Footwear,Kids,LED,2,
Electronics,Gaming and Accessories,Gaming Accessories,Logitech,1,
Electronics,Mobiles and Tablets,Mobile Accessories,Razer,1,
Electronics,Cameras and Photography,CCTV Cameras,OPLINK,1,
Electronics,"TVs, Audio and Video",Speakers,Aimbimy,1,
Home and Kitchen,Small Appliances,Coffee Makers,Braun,3,
"Toys, Kids and Baby",Toys and Activities,Ride On and Scooters,Xtouch,3,
Automotive,Car Accessories,Interior Accessories,Ferrari,3,
Home and Kitchen,Small Appliances,Food Processors,Elekta,3,
"Beauty, Personal Care and Fragrances",Fragrances,Mens Fragrances,CARON,2,
"Beauty, Personal Care and Fragrances",Fragrances,Women's Fragrances,Gucci,2,
Electronics,Cameras and Photography,Camera Accessories,RivaCase,1,
Electronics,Mobiles and Tablets,Tablets,Mobii,1,
Home and Kitchen,Home Furnishing,Bed Linen,Wysada,3,
Fashion,Women Clothing,Tops,Rain & Rainbow,2,
Fashion,Women's Accessories,Watches,DKNY,2,
Electronics,Mobiles and Tablets,Mobile Accessories,Beecool,1,
"Beauty, Personal Care and Fragrances",Fragrances,Mens Fragrances,Guess,2,
"Beauty, Personal Care and Fragrances",Fragrances,Mens Fragrances,S.T. DUPONT,2,
Electronics,"Computers, Laptops and Storage",Computer Accessories,Crumpler,1,
"Beauty, Personal Care and Fragrances",Fragrances,Womens Fragrances,Carolina Herrera,2,
Fashion,Womens Clothing,Dresses,C.Y.F,2,
Fashion,Mens Footwear,Slip ons,Funk,2,
Electronics,"Computers, Laptops and Storage",Storage Devices,Samsung,1,
"Beauty, Personal Care and Fragrances",Cosmetics and Personal Care,Make Up,Bourjois,2,
Fashion,Womens Accessories,Jewellery,Guess,2,
Fashion,Women Clothing,Dresses,Mysterious Miss,2,
Home and Kitchen,Kitchenware,Tea and Coffee Serveware,Beecool,3,
Electronics,Mobiles and Tablets,Mobile Accessories,ILUV,1,
Home and Kitchen,Home Tools,Home Improvement,SKIL,3,
Home and Kitchen,Small Appliances,Water Dispenser,SONASHI,3,
Electronics,Mobiles and Tablets,Mobile Accessories,Runtastic,1,
Home and Kitchen,Kitchen Appliances,Electric Kettles,Elekta,3,
Electronics,"Computers, Laptops and Storage",Storage devices,Pen Quran,1,
Fashion,Mens Footwear,Lace ups,Sanuk,2,
Fashion,Womens Accessories,Jewellery,ZeroKaata,2,
Fashion,Men's Accessories,Watches,Fossil,2,
"Beauty, Personal Care and Fragrances",Cosmetics and Personal Care,Make Up,Beecool,2,
Electronics,Cameras and Photography,Digital Cameras,Removu,1,
"Toys, Kids and Baby",Toys and Activities,Ride On and Scooters,Crony,3,
"Beauty, Personal Care and Fragrances",Fragrances,Womens Fragrances,YSL,2,
Electronics,Gaming and Accessories,Gaming Titles,Xbox 360,1,
Fashion,Womens Accessories,Sunglasses,Valentino,2,
Fashion,Girls Clothing,Infant,B.B.,2,
Fashion,Unisex Accessories,Sunglasses,Wildwood,2,
Electronics,"TVs, Audio and Video",Speakers,Harman Kardon,1,
Home and Kitchen,Small Appliances,Fan,Elekta,3,
Fashion,Girls Clothing,Infant,Swallow Speak,2,
Home and Kitchen,Small Appliances,"Juicer, Mixers and Grinders",Elekta,3,
Fashion,Mens Clothing,Polo Shirts,Locomotive,2,
Electronics,"TVs, Audio and Video",Home Audio Components,ION Audio,1,
Fashion,Women Footwear,Sandals,Truffle,2,
Home and Kitchen,Small Appliances,Vacuum Cleaners,Knewood,3,
Home and Kitchen,Home Tools,Home Improvement,CLABER,3,
Electronics,"Computers, Laptops and Storage",Computer Accessories,Aiino,1,
Electronics,Gaming and Accessories,Gaming Titles,Square Enix,1,
Fashion,Mens Footwear,Slip ons,Piaffe,2,
Fashion,Men's accessories,Jewellery,Lucleon,2,
Electronics,Mobiles and Tablets,Tablet Accessories,Microsoft,1,
Fashion,Mens Clothing,Shorts,Incult,2,
Fashion,Women Clothing,Arabian Clothing,Shehna,2,
Home and Kitchen,Kitchen Appliances,Electric Kettles,Knewood,3,
Fashion,Boy's Clothing,Kids,Basicxx,2,
Fashion,Girls Clothing,Infant,Nana Baby,2,
Fashion,Women Bags,Sports Bags,Spiral,2,
"Health, Nutrition and Sports",Health,Health Devices,Withings,3,
Electronics,Mobiles and Tablets,Mobile Accessories,Gosh,1,
Fashion,Womens Accessories,Watches,Beecool,2,
Home and Kitchen,Small Appliances,Electric Cookers,Sonashi,3,
Fashion,Women Clothing,Tops,Sangria,2,
Fashion,Women Clothing,Jumpsuits & Playsuits,Miss Bennett London,2,
Fashion,Womens Clothing,T-shirts and Vests,THREADCURRY,2,
Home and Kitchen,Small Appliances,Coffee Makers,KORONA / GERMANY,3,
Electronics,Mobiles and Tablets,Mobile Accessories,Jawbone,1,
Automotive,Car Audio and GPS,Car Stereos,Kenwood,3,
Fashion,Mens Accessories,Sunglasses,Polo Ralph Lauren,2,
Electronics,Mobiles and Tablets,Mobile Accessories,Unplug,1,
Fashion,Mens Clothing,T-shirts and Vests,IRON FIST ATHLETIC,2,
Electronics,"Computers, Laptops and Storage",Computer Accessories,Astrum,1,
Electronics,"Computers, Laptops and Storage",Routers and Modems,Apple,1,
Home and Kitchen,Small Appliances,Electric Cookers,Nikai,3,
Home and Kitchen,Small Appliances,Toasters and Grills,Elekta,3,
"Beauty, Personal Care and Fragrances",Fragrances,Men's Fragrances,Ferrari,2,
Fashion,Mens Footwear,Flip flops,Santa Monica Polo Club,2,
Fashion,Mens Bag,Small Leather Goods,Tommy Hilfiger,2,
Fashion,Women Clothing,Tops,La Firangi,2,
Home and Kitchen,Home Furnishing,Bed Linen,HT,3,
Fashion,Women's Clothing,Dresses,Yufta,2,
Electronics,Mobiles and Tablets,Mobile Accessories,Beyzacases,1,
Home and Kitchen,Small Appliances,Iron,Runsteam,3,
Electronics,Mobiles and Tablets,Mobile Accessories,Ctroniq,1,
Electronics,Mobiles and Tablets,Mobile Accessories,Zeiss,1,
Fashion,Womens Clothing,Dresses,Tjori,2,
Home and Kitchen,Kitchen Appliances,Electric Kettles,Sonashi,3,
Electronics,Gaming and Accessories,Gaming Titles,Naughty Dog,1,
Fashion,Mens Clothing,Hoodies & Sweatshirts,Brave Soul,2,
Home and Kitchen,Home DÃ©cor,Lamps and Lightings,Microlab,3,
Home and Kitchen,Home Furnishing,"Pillow, Cushion and Covers",Wysada,3,
Fashion,Mens Clothing,Shirts,Brave Soul,2,
Fashion,Women's Accessories,Jewellery,Peora,2,
Home and Kitchen,Small Appliances,Food Processors,Black and Decker,3,
Fashion,Women Clothing,Tops,Upperclass,2,
Electronics,"TVs, Audio and Video",Home Theatre Systems,LG,1,
Fashion,Women Clothing,Arabian Clothing,Aava,2,
Electronics,"Computers, Laptops and Storage",Computer Accessories,Modecom,1,
Electronics,Gaming and Accessories,Gaming Titles,Capcom,1,
Electronics,Mobiles and Tablets,Mobile Accessories,Tylt,1,
Fashion,Mens Clothing,Pants & Chinos,Basics,2,
Fashion,Women Bags,Hand Bags,Kole,2,
Fashion,Womens Accessories,Sunglasses,Guess,2,
Electronics,Mobiles and Tablets,Mobile Phones,G-Tide,1,
Fashion,Unisex Accessories,Sunglasses,MEC,2,
Electronics,Cameras and Photography,CCTV Cameras,D-link,1,
Electronics,Cameras and Photography,Camera Accessories,Joby,1,
Electronics,Mobiles and Tablets,Mobile Accessories,Ipearl,1,
Home and Kitchen,Small Appliances,Vacuum Cleaners,Panasonic,3,
Electronics,Mobiles and Tablets,Tablets,Fun Tab,1,
Fashion,Mens Clothing,Shirts,Mr Button,2,
Fashion,Womens Accessories,Jewellery,Bhane,2,
Fashion,Mens Accessories,watches,LORUS,2,
Fashion,Womens Accessories,Watches,Skagen,2,
Fashion,Women Clothing,Tops,Tjori,2,
Fashion,Womens Accessories,Jewellery,Marcia Moran,2,
Fashion,Womens Accessories,Watches,Kolbar,2,
Fashion,Mens Accessories,Jewellery,Paradiso,2,
Home and Kitchen,Small Appliances,Choppers and Blenders,Black and Decker,3,
Fashion,Women Bags,Sports Bags,Jansport,2,
Fashion,Women Bags,Hand Bags,Envoy,2,
Fashion,Women Clothing,Tops,Shree,2,
Home and Kitchen,Kitchenware,Cookware and Bakeware,FAGOR / SPAIN,3,
Fashion,Mens Clothing,Polo Shirts,Highlander,2,
Electronics,Mobiles and Tablets,Mobile Phones,HTC,1,
Fashion,Mens Clothing,Polo Shirts,Bhane,2,
Fashion,Mens Clothing,Polo Shirts,UV&W,2,
Electronics,Gaming and Accessories,Gaming Titles,Sony,1,
"Beauty, Personal Care and Fragrances",Fragrances,Mens Fragrances,Yves Saint Laurent,2,
Fashion,Womens accessories,Sunglasses,Jeepers Peepers,2,
Fashion,Women Bags,Small Leather Goods,Calvin Klein,2,
Fashion,Mens Clothing,Shirts,Berry Shirt,2,
Electronics,Small Appliances,Personal appliances,Sonashi,1,
Electronics,"Computers, Laptops and Storage",Computer Accessories,Ferrari,1,
Fashion,Women Clothing,Jackets & Coats,Miss Bennett London,2,
Electronics,Cameras and Photography,Camera Accessories,Fujifilm,1,
Home and Kitchen,Small Appliances,Garment Steamer,Eurostar,3,
Fashion,Mens Clothing,Polo Shirts,Kal Jacobs,2,
"Beauty, Personal Care and Fragrances",Small Appliances,Personal Appliances,BRAUN,2,
Electronics,"TVs, Audio and Video",Portable Audio Players,Trevi,1,
Fashion,Mens Clothing,Polo Shirts,Elaborado,2,
Fashion,Women Bags,Hand Bags,Michel angelo,2,
"Beauty, Personal Care and Fragrances",Small Appliances,Personal Appliances,Panasonic,2,
Electronics,"TVs, Audio and Video",Speakers,Logitech,1,
Fashion,Unisex Accessories,Sunglasses,Fashion TV Eyewear,2,
Electronics,Mobiles and Tablets,Mobile Accessories,Nokia,1,
Home and Kitchen,Home DÃ©cor,Clocks,Casio,3,
Electronics,Mobiles and Tablets,Mobile Accessories,Boostcase,1,
Electronics,"Computers, Laptops and Storage",Computer Accessories,Ozone,1,
Fashion,Womens Accessories,Sunglasses,UV,2,
Home and Kitchen,Small Appliances,Induction Cook Tops,Elekta,3,
Home and Kitchen,Small Appliances,Others,Ariete,3,
Fashion,Mens Bag,Mens Bag,Seventy Five,2,
Fashion,Womens Accessories,Watches,Armani Exchange,2,
Fashion,Mens Clothing,T-shirts & Vests,Punk,2,
Fashion,Women Clothing,Jeans,Miss Bennett London,2,
"Beauty, Personal Care and Fragrances",Fragrances,Mens Fragrances,MARBERT,2,
Fashion,Women Footwear,Flat Shoes,Qupid,2,
Fashion,Mens Clothing,T-shirts & Vests,Ruggers Young,2,
Automotive,Car Care,,OMP,3,
Fashion,Boys Clothing,Youth,DXBeach,2,
Fashion,Mens Accessories,Sunglasses,Carrera,2,
Fashion,Women Clothing,Tops,Riot Jeans,2,
Fashion,Mens Clothing,T-shirts and Vests,Beecool,2,
"Beauty, Personal Care and Fragrances",Fragrances,Womens Fragrances,Dragon,2,
Electronics,Mobiles and Tablets,Mobile Accessories,SONY ERICSSON,1,
Fashion,Womens Accessories,Watches,JBW,2,
Fashion,Unisex Accessories,Watches,Al Fajar,2,
Home and Kitchen,Home DÃ©cor,Lamps and Lightings,Libra,3,
Electronics,Mobiles and Tablets,Mobile Accessories,Just Mobile,1,
Home and Kitchen,Small Appliances,Ovens and OTGs,Knewood,3,
Home and Kitchen,Small Appliances,Others,SONASHI,3,
Electronics,Mobiles and Tablets,Mobile Accessories,Yison,1,
Home and Kitchen,Kitchen Appliances,Electric Kettles,Braun,3,
Electronics,"TVs, Audio and Video",Televisions,Polaroid,1,
Fashion,Womens Accessories,Watches,ELLETIER,2,
Fashion,Mens Clothing,Shorts,Santa Monica Polo Club,2,
Electronics,Mobiles and Tablets,Mobile Accessories,WOPOW,1,
Fashion,Womens Clothing,T-shirts and Vests,Dubai Heroes,2,
Electronics,"TVs, Audio and Video",Headphones and Earphones,KOSS,1,
Fashion,Womens accessories,Watches,Tommy Hilfiger,2,
Electronics,"TVs, Audio and Video",Headphones and Earphones,Microlab,1,
Electronics,"Computers, Laptops and Storage",Electronic Accessories,Beecool,1,
Electronics,Mobiles and Tablets,Mobile Accessories,Romoss,1,
Fashion,Women Clothing,Shorts,Upperclass,2,
Electronics,Gaming and Accessories,Gaming Accessories,PS4,1,
Fashion,Mens Accessories,Headwear,GW SPORT,2,
Fashion,Mens Clothing,T-shirts & Vests,Santa Monica Polo Club,2,
Home and Kitchen,Small Appliances,Iron,Elekta,3,
"Beauty, Personal Care and Fragrances",Fragrances,Womens Fragrances,narciso rodriguez,2,
Electronics,Mobiles and Tablets,Mobile Accessories,DEXIM,1,
Fashion,Womens Accessories,Watches,Louis Arden,2,
Electronics,"Computers, Laptops and Storage",Computer Accessories,Dicota,1,
Electronics,Mobiles and Tablets,Mobile Accessories,Merlin,1,
Fashion,Womens Clothing,Jumpsuits and Playsuits,Stoee,2,
Electronics,"Computers, Laptops and Storage",Computer Accessories,Sandberg,1,
Fashion,Womens Accessories,Watches,EQUSS,2,
Fashion,Women Clothing,Tops,Shibori Designs,2,
Fashion,Mens Clothing,T-shirts & Vests,Imagica,2,
"Beauty, Personal Care and Fragrances",Fragrances,Mens Fragrances,Nikos Sculpture,2,
Home and Kitchen,Home Furnishing,Bath Linen,Knights bridge,3,
Home and Kitchen,Home DÃ©cor,Showpieces,Guillermo Forchino,3,
Home and Kitchen,Small Appliances,Iron,Nikai,3,
Electronics,Mobiles and Tablets,Mobile Phones,MICROMAX,1,
Electronics,Mobiles and Tablets,Mobile Accessories,Riva,1,
Electronics,"TVs, Audio and Video",Headphones and Earphones,Motorola,1,
Electronics,"TVs, Audio and Video",Headphones and Earphones,A4TECH,1,
Fashion,Womens Accessories,Jewellery,Fine Crystal,2,
Home and Kitchen,Home Furnishing,"Pillow, Cushion and Covers",Beecool,3,
Home and Kitchen,Home DÃ©cor,Clocks,Sonashi,3,
Home and Kitchen,Small Appliances,Vacuum Cleaners,SONASHI,3,
Fashion,Unisex Accessories,Sunglasses,Oakley,2,
Electronics,"TVs, Audio and Video",Portable Audio Players,JBL,1,
Fashion,Women Clothing,Tops,Rapz,2,
Fashion,Mens Clothing,Polo Shirts,Incult,2,
"Beauty, Personal Care and Fragrances",Fragrances,Womens Fragrances,Jathibia World,2,
Electronics,"Computers, Laptops and Storage",Computer Accessories,Razer,1,
"Beauty, Personal Care and Fragrances",Fragrances,Womens Fragrances,Tom Ford,2,
Home and Kitchen,Small Appliances,Microwaves,Emjoi Power,3,
Fashion,Men's Clothing,T-shirts and Vests,Basicxx,2,
Home and Kitchen,Small Appliances,"Juicer, Mixers and Grinders",Black and Decker,3,
Fashion,Mens Clothing,Pants & Chinos,Tokyo Laundry,2,
Home and Kitchen,Kitchenware,Tiffin and Flasks,Sonashi,3,
"Beauty, Personal Care and Fragrances",Fragrances,Mens Fragrances,Cartier,2,
Electronics,Gaming and Accessories,Gaming Titles,XBOX,1,
Fashion,Women Clothing,Shorts,Rattrap,2,
Electronics,"TVs, Audio and Video",Headphones and Earphones,happy plugs,1,
Electronics,Mobiles and Tablets,Mobile Accessories,Mophie,1,
Fashion,Girls Clothing,Infant,N.Y.F,2,
Fashion,Womens Accessories,Watches,FENCCI,2,
Electronics,Cameras and Photography,Camera Accessories,Merlin,1,
"Beauty, Personal Care and Fragrances",Fragrances,Mens Fragrances,JOOP,2,
Electronics,"TVs, Audio and Video",Speakers,IDEA,1,
Electronics,Mobiles and Tablets,Mobile Phones,Fly,1,
Fashion,Mens Clothing,T-shirts & Vests,Native Youth,2,
"Beauty, Personal Care and Fragrances",Fragrances,Women's Fragrances,Kim Kadarshian,2,
Home and Kitchen,Home Tools,Home Improvement,Home King,3,
Automotive,Car Accessories,Interior Accessories,Leostar,3,
Electronics,Gaming and Accessories,Gaming Titles,Konami,1,
"Beauty, Personal Care and Fragrances",Cosmetics and Personal Care,Skin Care,Mega,2,
Fashion,Girls Clothing,Infant,Dance Baby,2,
Electronics,Mobiles and Tablets,Mobile Accessories,Totu Design,1,
Electronics,"TVs, Audio and Video",Headphones and Earphones,IDEA,1,
Electronics,Mobiles and Tablets,Cases and Protectors,Stylizedd,1,
Home and Kitchen,Small Appliances,Coffee Makers,Emjoi Power,3,
Electronics,"Computers, Laptops and Storage",Computer Accessories,BRINCH,1,
Electronics,Cameras and Photography,Camera Accessories,Selfie,1,
Electronics,Mobiles and Tablets,Mobile Accessories,Naztech,1,
Electronics,Cameras and Photography,Camera Accessories,Beecool,1,
Fashion,Mens Clothing,T-shirts & Vests,Shine,2,
"Beauty, Personal Care and Fragrances",Fragrances,Unisex Fragrances,Hermes,2,
Fashion,Women Clothing,Skirts,Shibori Designs,2,
Electronics,"Computers, Laptops and Storage",Routers and Modems,Xiaomi,1,
Fashion,Mens Clothing,Polo Shirts,Steenbok,2,
Fashion,Mens Clothing,T-shirts & Vests,Gritstones,2,
"Toys, Kids and Baby",Baby and Toddlers,Diaper and Diaper Bags,Pampers,3,
Fashion,Women Clothing,Dresses,Miss Bennett London,2,
Fashion,Mens Clothing,Pants & Chinos,Incult,2,
Fashion,Mens Clothing,T-shirts & Vests,Brave Soul,2,
Fashion,Mens Bags,Sports Bags,Adidas,2,
Electronics,Cameras and Photography,Digital Cameras,AIPTEK,1,
"Beauty, Personal Care and Fragrances",Cosmetics and Personal Care,Skin care,Klapp,2,
Electronics,"Computers, Laptops and Storage",Computer Accessories,Kensington,1,
Electronics,Gaming and Accessories,Gaming Titles,Xbox One,1,
Electronics,Gaming and Accessories,Gaming Titles,Bethesda Softworks,1,
Fashion,Women Clothing,Jackets & Coats,Lara Karen,2,
Fashion,Mens Clothing,Pants & Chinos,Hubberholme,2,
Fashion,Women Clothing,Dresses,I AM FOR YOU,2,
Fashion,Women Footwear,Sneakers,Seventy Five,2,
Home and Kitchen,Home DÃ©cor,Collectibles,Dubai Heroes,3,
Fashion,Womens Clothing,Dresses,Rattrap,2,
Fashion,Womens Accessories,Sunglasses,Roberto Cavalli,2,
Electronics,Mobiles and Tablets,Tablets,GENX,1,
"Beauty, Personal Care and Fragrances",Cosmetics and Personal Care,Bath and Body,Victoria Secret,2,
Fashion,Women Clothing,T-shirts & Vests,Silverswan,2,
Electronics,Mobiles and Tablets,Mobile Accessories,Misfit,1,
Home and Kitchen,Small Appliances,Ovens and OTGs,Elekta,3,
Home and Kitchen,Home Décor,Collectibles,Wysada,3,
Home and Kitchen,Small Appliances,Microwaves,Nikai,3,
"Toys, Kids and Baby",Toys and Activities,Activity Sets,MLP,3,
Home and Kitchen,Home Tools,Home Improvement,Stanley,3,
Electronics,Large Appliances,Washing Machines,Eurostar,1,
"Beauty, Personal Care and Fragrances",Cosmetics and Personal Care,Hair Care,Jose Eber,2,
Fashion,Women Clothing,Tops,I AM FOR YOU,2,
Home and Kitchen,Home Furnishing,Blankets and Quilts,LAVATELLI,3,
Electronics,"Computers, Laptops and Storage",Computer Accessories,PORT Designs,1,
Electronics,Cameras and Photography,Digital Cameras,Qrios,1,
"Beauty, Personal Care and Fragrances",Fragrances,Womens Fragrances,JENNIFER LOPEZ,2,
Electronics,"TVs, Audio and Video",Headphones and Earphones,Targus,1,
Fashion,Mens Accessories,Watches,Louis Arden,2,
Electronics,Mobiles and Tablets,Tablet Accessories,IP Pro,1,
Fashion,Women Clothing,Pants & Leggings,Shibori Designs,2,
Fashion,Women Clothing,Dresses,Q&Q,2,
Home and Kitchen,Small Appliances,Vacuum Cleaners,Hoover,3,
Home and Kitchen,Small Appliances,"Juicer, Mixers and Grinders",Panasonic,3,
Fashion,Men's Accessories,Jewellery,Peora,2,
Home and Kitchen,Kitchenware,Tea and Coffee Serveware,SONASHI,3,
"Beauty, Personal Care and Fragrances",Fragrances,Mens Fragrances,CARRERA,2,
Automotive,Car Accessories,Interior Accessories,Unplug,3,
Electronics,Mobiles and Tablets,Mobile Accessories,Cheero,1,
Electronics,Gaming and Accessories,Gaming Titles,EA Sports,1,
Home and Kitchen,Small Appliances,Toasters and Grills,Emjoi Power,3,
Home and Kitchen,Kitchenware,Dining and Serving,Wysada,3,
Fashion,Women Footwear,Boots,Truffle,2,
Home and Kitchen,Small Appliances,Ovens and OTGs,Proline,3,
Fashion,Mens Clothing,Pants and Chinos,ZESS,2,
Electronics,"TVs, Audio and Video",Headphones and Earphones,Xiaomi,1,
Electronics,Cameras and Photography,Digital Cameras,Microsoft,1,
Electronics,"Computers, Laptops and Storage",Computer Accessories,eDatalife,1,
Electronics,Mobiles and Tablets,Tablet Accessories,Belkin,1,
Electronics,Mobiles and Tablets,Mobile Accessories,Enerplex,1,
Fashion,Women Footwear,Pumps,Truffle,2,
Fashion,Boys Clothing,Kids,Dubai Heroes,2,
Electronics,"Computers, Laptops and Storage",Computer Accessories,Logitech,1,
"Beauty, Personal Care and Fragrances",Cosmetics and Personal Care,Make Up,Real techniques,2,
"Beauty, Personal Care and Fragrances",Cosmetics and Personal Care,Make Up,Maybelline,2,
Fashion,Mens Bag,Sports Bag,Jansport,2,
"Beauty, Personal Care and Fragrances",Fragrances,Mens Fragrances,Jimmy Choo,2,
Fashion,Mens Accessories,Watches,MODUS,2,
Fashion,Women Clothing,Lingerie & Nightwear,Outdoor,2,
Electronics,"Computers, Laptops and Storage",computer Accessories,Booq,1,
Electronics,"TVs, Audio and Video",Headphones and Earphones,BLAUPUNKT,1,
Home and Kitchen,Home Decor,Wall Decor,Wysada,3,
Fashion,Mens Clothing,Shorts,LD Active,2,
Electronics,Mobiles and Tablets,Mobile Accessories,Gavio,1,
Electronics,"TVs, Audio and Video",Home Theatre Systems,Logitech,1,
Fashion,Womens Footwear,Flip Flops,Flexflop,2,
Electronics,Mobiles and Tablets,Mobile Accessories,Bluetooth,1,
Automotive,Car Accessories,Exterior Accessories,Sparco,3,
Home and Kitchen,Small Appliances,Electric Cookers,Recke,3,
Automotive,Car Audio and GPS,Car Speakers,JBL,3,
Automotive,Car Audio and GPS,Subwoofers,Sony,3,
Automotive,Car Accessories,Interior Accessories,Renon,3,
Fashion,Men's Clothing,T-shirts and Vests,Dubai Hero,2,
Electronics,Mobiles and Tablets,Tablet Accessories,Stylizedd,1,
Electronics,Mobiles and Tablets,Mobile Accessories,Casemate,1,
Home and Kitchen,Small Appliances,Food Processors,Knewood,3,
Home and Kitchen,Home Furnishing,Bath Linen,LAVATELLI,3,
Electronics,Cameras and Photography,Camera Accessories,Telesin,1,
Fashion,Mens Clothing,Jeans,Carpenter,2,
Electronics,Gaming and Accessories,Gaming Titles,Warner Bros. Interactive Entertainment,1,
Electronics,Cameras and Photography,Camera Accessories,Freebie,1,
"Toys, Kids and Baby",Toys and Activities,Remote Control Toys,PowerUp,3,
Fashion,Women Bags,Hand Bags,Reveal,2,
Electronics,"Computers, Laptops and Storage",Computer Accessories,Smart,1,
Automotive,Car Care,Car Cleaner,Petronas,3,
"Beauty, Personal Care and Fragrances",Fragrances,Mens Fragrances,ANTONIO BANDERAS,2,
Fashion,Mens Clothing,Shirts,Velloche,2,
Fashion,Mens Clothing,Pants & Chinos,Phosphorus,2,
Fashion,Womens Accessories,Watches,Citizen,2,
Electronics,"TVs, Audio and Video",Speakers,Astrum,1,
Fashion,Mens Clothing,Polo Shirts,Sdl By Sweet Dreams,2,
Electronics,Mobiles and Tablets,Mobile Accessories,Catalyst,1,
Electronics,Mobiles and Tablets,Mobile Accessories,Lention,1,
Fashion,Mens Clothing,Polo Shirts,Bewley & Ritch,2,
Fashion,Mens Clothing,Pants & Chinos,NU ECO,2,
"Beauty, Personal Care and Fragrances",Fragrances,Women's Fragrances,Davidoff,2,
Automotive,Car Accessories,Car Care Products,ALPINE,3,
Electronics,Mobiles and Tablets,Mobile Accessories,Eveready,1,
Electronics,Cameras and Photography,Digital Cameras,Vivitar,1,
Fashion,Mens Clothing,Polo Shirts,Route 66,2,
Fashion,Mens Clothing,Shirts,Native Youth,2,
Fashion,Womens Accessories,Sunglasses,Pretty Little Things,2,
Fashion,Women Clothing,Lingerie & Nightwear,Mosmann Australia,2,
Home and Kitchen,Small Appliances,Others,Elekta,3,
Home and Kitchen,Small Appliances,Fan,Eurostar,3,
Home and Kitchen,Home Furnishing,"Pillow, Cushion and Covers",Fogarty,3,
"Beauty, Personal Care and Fragrances",Fragrances,Mens Fragrances,Juicy Counture,2,
Fashion,Women Clothing,Jumpsuits & Playsuits,Ginger,2,
Fashion,Mens Clothing,T-shirts & Vests,Lakomfort,2,
Fashion,Mens Clothing,Pants and Chinos,Bhane,2,
Electronics,"TVs, Audio and Video",Speakers,iBoom,1,
Electronics,Mobiles and Tablets,Mobile Accessories,Switcheasy,1,
Electronics,Cameras and Photography,Camera Accessories,Visico,1,
Home and Kitchen,Home Decor,Lamps and Lightings,Wysada,3,
Fashion,Men's accessories,Watches,Speedster,2,
Electronics,"TVs, Audio and Video",Portable Audio Players,X-MINI,1,
Fashion,Women Clothing,Tops,Silverswan,2,
Fashion,Women Clothing,Pants & Leggings,Span,2,
Electronics,Gaming and Accessories,Gaming Titles,Disney,1,
Automotive,Car Accessories,Interior Accessories,Sandberg,3,
Home and Kitchen,Small Appliances,Lights and Torches,Elekta,3,
Home and Kitchen,Kitchenware,Kitchen Storage,Sonashi,3,
"Beauty, Personal Care and Fragrances",Fragrances,Womens Fragrances,VALENTINO,2,
"Beauty, Personal Care and Fragrances",Cosmetics and Personal Care,Make Up,Max Factor,2,
Fashion,Women Clothing,Jeans,People,2,
Home and Kitchen,Small Appliances,Electric Cookers,Knewood,3,
Fashion,Mens Clothing,Polo Shirts,Mr Button,2,
Fashion,Womens accessories,Sunglasses,Ginger,2,
"Beauty, Personal Care and Fragrances",Fragrances,Womens Fragrances,Boucheron Parfums,2,
Electronics,Gaming and Accessories,Gaming Accessories,XBOX,1,
Automotive,Car Accessories,Interior Accessories,IDEA,3,
"Beauty, Personal Care and Fragrances",Fragrances,Womens Fragrances,CK,2,
Fashion,Mens Clothing,Sportswear,Alcis,2,
Electronics,"TVs, Audio and Video",Headphones and Earphones,Sandberg,1,
"Beauty, Personal Care and Fragrances",Fragrances,Mens Fragrances,VALENTINO,2,
Electronics,"TVs, Audio and Video",Headphones and Earphones,ALTEC LANSING,1,
"Beauty, Personal Care and Fragrances",Fragrances,Unisex,Jathibia World,2,
Fashion,Women Clothing,Dresses,Grass by Gitika Goyal,2,
Fashion,Women Clothing,Jackets & Coats,Femella,2,
Fashion,Women Clothing,Pants & Leggings,Nuteez,2,
Electronics,Mobiles and Tablets,Mobile Phones,X touch,1,
"Beauty, Personal Care and Fragrances",Fragrances,Mens Fragrances,Terre DHermes,2,
Fashion,Mens Clothing,Shirts,Bewley & Ritch,2,
Fashion,Men's accessories,Head wear,Seventy Five,2,
Home and Kitchen,Kitchen Appliances,Electric Kettles,Panasonic,3,
Fashion,Women Clothing,Dresses,NOI,2,
Fashion,Women Clothing,Dresses,Riot Jeans,2,
Electronics,Mobiles and Tablets,Tablet Accessories,Minions,1,
Fashion,Women Clothing,Dresses,Bhane,2,
Electronics,Mobiles and Tablets,Mobile Accessories,Tech21,1,
Fashion,Womens Accessories,Watches,HYPE,2,
"Beauty, Personal Care and Fragrances",Fragrances,Mens Fragrances,FENDI,2,
Electronics,Cameras and Photography,Digital Cameras,CASIO,1,
Electronics,"Computers, Laptops and Storage",Storage Devices,Targus,1,
"Beauty, Personal Care and Fragrances",Cosmetics and Personal Care,Make Up,Makeup For You,2,
Electronics,Mobiles and Tablets,Mobile Accessories,Xtreme,1,
Fashion,Mens Clothing,Shorts,!Solid,2,
Electronics,Mobiles and Tablets,Tablet Accessories,Lention,1,
Fashion,Mens Accessories,Watches,Franco Valentino,2,
Electronics,Gaming and Accessories,Gaming Accessories,Sony Computer Entertainment Euro,1,
Electronics,Mobiles and Tablets,Mobile Accessories,TP-Link,1,
Electronics,Mobiles and Tablets,Mobile Accessories,D-link,1,
Home and Kitchen,Home Furnishing,Blankets and Quilts,Knights bridge,3,
Electronics,"TVs, Audio and Video",Home Theatre Systems,Sonashi,1,
"Beauty, Personal Care and Fragrances",Fragrances,Womens Fragrances,CARTIER,2,
Fashion,Womens Accessories,Watches,Converse,2,
"Beauty, Personal Care and Fragrances",Fragrances,Mens Fragrances,S T Dupont,2,
"Beauty, Personal Care and Fragrances",Fragrances,Women's Fragrances,Bill Blass,2,
Electronics,Mobiles and Tablets,Tablet Accessories,IDEA,1,
"Toys, Kids and Baby",Toys and Activities,Activity Sets,TMNT,3,
Fashion,Women Clothing,Skirts,Lara Karen,2,
Fashion,Womens Accessories,Jewellery,Andre Mouche,2,
Home and Kitchen,Home Furnishing,Bed Linen,Avantika Home Fashion,3,
Electronics,Mobiles and Tablets,Tablet Accessories,Totu Design,1,
Fashion,Women's Clothing,T-shirts and Vests,Basicxx,2,
Home and Kitchen,Home DÃ©cor,Clocks,AL QIBLA,3,
Fashion,Mens Bag,Small Leather Goods,Calvin Klein,2,
Electronics,"TVs, Audio and Video",Speakers,IHOME,1,
Fashion,Womens Accessories,Jewellery,BareGrounds,2,
Home and Kitchen,Small Appliances,Others,Braun,3,
Fashion,Mens Clothing,Jackets & Coats,Wintage,2,
Fashion,Womens Accessories,Watches,Charles Delon,2,
Electronics,"TVs, Audio and Video",TV and AV Accessories,Tecxus,1,
Fashion,Men's Clothing,Jeans,MR BUTTON,2,
Fashion,Women Clothing,Tops,Xniva,2,
Electronics,"Computers, Laptops and Storage",Computer Accessories,D-Link,1,
Fashion,Mens Clothing,Shirts,Locomotive,2,
Electronics,Mobiles and Tablets,Mobile Accessories,FONDI,1,
Fashion,Women Clothing,Cardigans & Sweaters,Club L,2,
"Beauty, Personal Care and Fragrances",Fragrances,Womens Fragrances,LANVIN,2,
Fashion,Women Bags,Women Bags,Spiral,2,
Electronics,"Computers, Laptops and Storage",Storage Devices,EYEFI,1,
Home and Kitchen,Small Appliances,Gas Stoves,Eurostar,3,
Fashion,Women Clothing,Pants and Leggings,IRON FIST ATHLETIC,2,
Electronics,"Computers, Laptops and Storage",Routers and Modems,NETGEAR,1,
Fashion,Mens Bags,Bags,Viva,2,
Fashion,Mens Clothing,Shorts,DXBeach,2,
Fashion,Women Clothing,Pants & Leggings,Shree,2,
Home and Kitchen,Small Appliances,Ovens and OTGs,Eurostar,3,
Electronics,Mobiles and Tablets,Tablet Accessories,Logitech,1,
Fashion,Mens Clothing,Sportswear,Tagd New York,2,
Fashion,Mens Clothing,T-shirts & Vests,Wear Your Opinion,2,
Electronics,Cameras and Photography,Camera Accessories,Vivitar,1,
Fashion,Womens accessories,Watches,La Mer Collections,2,
Fashion,Mens Clothing,Shirts,Incult,2,
Electronics,Gaming and Accessories,Gaming Consoles,Xbox One,1,
Fashion,Mens Clothing,T-shirts & Vests,Rigo,2,
Home and Kitchen,Home Furnishing,"Pillow, Cushion and Covers",Knights bridge,3,
Fashion,Mens Clothing,Plus Size Clothing,Native Youth,2,
Fashion,Women Clothing,Swimwear and Beachwear,Soleil,2,
Electronics,"TVs, Audio and Video",Home Audio Components,Nakamichi,1,
Fashion,Women Clothing,Skirts,Lumière Timing,2,
Home and Kitchen,Kitchenware,Tea and Coffee Serveware,Wysada,3,
Automotive,Bike Care,Tyre Care,Petronas,3,
Automotive,Car Accessories,Interior Accessories,Universal,3,
Home and Kitchen,Small Appliances,Toasters and Grills,Binatone,3,
Fashion,Women Clothing,Cardigans & Sweaters,Daphnea,2,
Electronics,Mobiles and Tablets,Tablet Accessories,Samsung,1,
Fashion,Women Clothing,Skirts,Upperclass,2,
Electronics,Mobiles and Tablets,Mobile Accessories,Fitbug,1,
Electronics,Cameras and Photography,Digital Cameras,Nilox,1,
Fashion,Women Clothing,Cardigans and Sweaters,Femella,2,
Fashion,Women Clothing,Dresses,AMANTE,2,
Home and Kitchen,Home DÃ©cor,Clocks,Trevi,3,
Electronics,Mobiles and Tablets,Mobile Accessories,Tech Armor,1,
Home and Kitchen,Home DÃ©cor,Lamps and Lightings,Beecool,3,
Automotive,Car Audio and GPS,Car Speakers,Alpine,3,
Fashion,Women's Accessories,Jewellery,Fashion Bajar,2,
Fashion,Women Clothing,Pants & Leggings,Entropy,2,
"Beauty, Personal Care and Fragrances",Cosmetics and Personal Care,Hair Care,Colab,2,
Electronics,Cameras and Photography,Camera Accessories,Goextreme,1,
Electronics,Gaming and Accessories,Gaming Titles,Warnerbros,1,
Home and Kitchen,Home Tools,Home Improvement,Dotz,3,
Fashion,Womens accessories,Watches,Heloisa,2,
Electronics,Mobiles and Tablets,Tablet Accessories,ILUV,1,
"Beauty, Personal Care and Fragrances",Fragrances,Mens Fragrances,Dolce & Gabbana,2,
Home and Kitchen,Small Appliances,Gas Stoves,Sonashi,3,
Fashion,Mens Clothing,Polo Shirts,Fritzberg,2,
Home and Kitchen,Home DÃ©cor,Showpieces,Dubai Heroes,3,
Electronics,"TVs, Audio and Video",TV and AV Accessories,ION Audio,1,
Electronics,"TVs, Audio and Video",TV and AV Accessories,Beecool,1,
Electronics,"TVs, Audio and Video",Speakers,Trevi,1,
Fashion,Women Clothing,Swimwear and Beachwear,Rapz,2,
"Beauty, Personal Care and Fragrances",Cosmetics and Personal Care,Make Up,Urban Decay,2,
Home and Kitchen,Home Tools,Home Improvement,Powercube,3,
Electronics,"TVs, Audio and Video",Speakers,Divoom Wless,1,
Fashion,Mens Clothing,Shorts,Mr Button,2,
Automotive,Car Audio and GPS,Car Speakers,Sony,3,
Fashion,Mens Clothing,Hoodies & Sweatshirts,Starter,2,
Fashion,Mens Clothing,Hoodies & Sweatshirts,Cross Hatch,2,
Home and Kitchen,Kitchen Appliances,Electric Kettles,KORONA / GERMANY,3,
Fashion,Mens Clothing,Jeans,Incult,2,
Fashion,Mens Clothing,Jeans,Tagd New York,2,
Fashion,Mens Clothing,Pants & Chinos,!Solid,2,
"Beauty, Personal Care and Fragrances",Fragrances,Home fragrances and Candles,Jathibia World,2,
Electronics,Mobiles and Tablets,Mobile Accessories,Itech,1,
Electronics,"TVs, Audio and Video",Speakers,Cygnett,1,
Fashion,Mens Accessories,Watches,PHILIPPE MARCE,2,
Home and Kitchen,Small Appliances,Coffee Makers,Knewood,3,
Home and Kitchen,Small Appliances,Others,Ribon,3,
Home and Kitchen,Kitchen Appliances,Electric Kettles,Emjoi Power,3,
Fashion,Womens Clothing,Maternity Clothing,House of Napius,2,
"Beauty, Personal Care and Fragrances",Fragrances,Womens Fragrances,Capri,2,
Fashion,Women Clothing,Pants & Leggings,Ginger,2,
"Beauty, Personal Care and Fragrances",Fragrances,Womens Fragrances,Clinique,2,
"Beauty, Personal Care and Fragrances",Fragrances,Womens Fragrances,Boucheron,2,
Fashion,Mens Clothing,Pants & Chinos,Cross Hatch,2,
Electronics,"TVs, Audio and Video",Headphones and Earphones,urbanista,1,
Fashion,Mens Clothing,Shorts,IRON FIST ATHLETIC,2,
Electronics,Mobiles and Tablets,Mobile Accessories,Twelve south,1,
Electronics,Mobiles and Tablets,Mobile Accessories,Ampro,1,
Home and Kitchen,Home DÃ©cor,Clocks,Al Harameen,3,
"Beauty, Personal Care and Fragrances",Fragrances,Womens Fragrances,Victorias secret,2,
"Toys, Kids and Baby",Baby and Toddlers,Baby Outdoor and Travel,Chicco,3,
"Beauty, Personal Care and Fragrances",Fragrances,Womens Fragrances,Prada,2,
Electronics,"TVs, Audio and Video",Speakers,X-MINI,1,
Fashion,Men's Clothing,Shorts,MR BUTTON,2,
Electronics,"TVs, Audio and Video",Headphones and Earphones,Mr.Men & Little Miss,1,
Fashion,Womens accessories,Watches,IO?ION!,2,
Fashion,Mens Clothing,T-shirts & Vests,Alcis,2,
Fashion,Women Clothing,Skirts,People,2,
Electronics,Mobiles and Tablets,Mobile Accessories,iWalk,1,
Fashion,Women Clothing,Dresses,Alia Bhatt Collection,2,
"Beauty, Personal Care and Fragrances",Cosmetics and Personal Care,Make Up,The New Black,2,
Electronics,"Computers, Laptops and Storage",Computer Accessories,A4Tech,1,
Home and Kitchen,Small Appliances,Sewing Machines,Home King,3,
"Beauty, Personal Care and Fragrances",Cosmetics and Personal Care,Hair Care,Panasonic,2,
"Beauty, Personal Care and Fragrances",Fragrances,Mens Fragrances,Jathibia World,2,
Fashion,Womens Clothing,Dresses,Gumuxi,2,
Electronics,Mobiles and Tablets,Mobile Accessories,Verus,1,
Electronics,Small Appliances,Personal appliances,BaByliss,1,
Fashion,Mens accessories,Jewellery,Charles Delon,2,
Home and Kitchen,Home Furnishing,"Pillow, Cushion and Covers",Matelesse,3,
Electronics,Mobiles and Tablets,Mobile Accessories,SlingGrip,1,
Electronics,"Computers, Laptops and Storage",Computer Accessories,IDEA,1,
Electronics,Mobiles and Tablets,Tablet Accessories,Cygnett,1,
Home and Kitchen,Home Furnishing,Blankets and Quilts,Wysada,3,
Electronics,"Computers, Laptops and Storage",Storage Devices,Beecool,1,
Fashion,Mens Clothing,T-shirts & Vests,Ruggers,2,
"Beauty, Personal Care and Fragrances",Fragrances,Womens Fragrances,Dolce and Gabanna,2,
Fashion,Women Clothing,Jeans,Riot Jeans,2,
Electronics,"Computers, Laptops and Storage",Computer Accessories,RivaCase,1,
Electronics,Mobiles and Tablets,Mobile Accessories,CADYCE,1,
Electronics,Mobiles and Tablets,Mobile Accessories,Puro,1,
Home and Kitchen,Small Appliances,Gas Stoves,Elekta,3,
"Beauty, Personal Care and Fragrances",Fragrances,Women's Fragrances,Lalique,2,
"Beauty, Personal Care and Fragrances",Fragrances,Mens Fragrances,Tommy Hilfiger,2,
Home and Kitchen,Home Furnishing,Curtains and Accessories,Beecool,3,
Home and Kitchen,Small Appliances,Fryers,Nikai,3,
Electronics,Mobiles and Tablets,Mobile Accessories,Laut,1,
"Beauty, Personal Care and Fragrances",Cosmetics and Personal Care,Hair Care,Barex,2,
"Beauty, Personal Care and Fragrances",Fragrances,Womens Fragrances,Britney Spears,2,
"Beauty, Personal Care and Fragrances",Fragrances,Mens Fragrances,VAN CLEEF,2,
Electronics,Mobiles and Tablets,Mobile Accessories,Vox,1,
Fashion,Women Clothing,Skirts,Rattrap,2,
Fashion,Mens Bag,Messenger Bags,Seventy Five,2,
Electronics,"TVs, Audio and Video",Speakers,Merlin,1,
Fashion,Unisex Accessories,Jewellery,Tatu,2,
Electronics,"TVs, Audio and Video",Speakers,Skullcandy,1,
"Beauty, Personal Care and Fragrances",Fragrances,Womens Fragrances,PARIS HILTON,2,
Fashion,Mens Clothing,Shirts,Kal Jacobs,2,
Electronics,Mobiles and Tablets,Tablet Accessories,Aiino,1,
"Beauty, Personal Care and Fragrances",Cosmetics and Personal Care,Make Up,Christian Dior,2,
"Toys, Kids and Baby",Toys and Activities,Activity Sets,Transformers,3,
Electronics,Mobiles and Tablets,Tablet Accessories,Laut,1,
Electronics,"TVs, Audio and Video",Speakers,Opal,1,
Fashion,Women Clothing,Jackets & Coats,Hhara,2,
Electronics,"Computers, Laptops and Storage",Computer Accessories,Techlink,1,
Electronics,Gaming and Accessories,Gaming Accessories,Astrum,1,
Electronics,Mobiles and Tablets,Mobile Accessories,Huntkey,1,
Electronics,Mobiles and Tablets,Mobile Accessories,Woodford,1,
Fashion,Mens Clothing,T-shirts & Vests,Locomotive,2,
Home and Kitchen,Home Tools,Home Improvement,Belkin,3,
Fashion,Mens Clothing,Jeans,Shine,2,
"Beauty, Personal Care and Fragrances",Fragrances,Mens Fragrances,Diesel,2,
Fashion,Mens Clothing,Jeans,AV Bros,2,
Electronics,Mobiles and Tablets,Mobile Accessories,X-Doria,1,
Electronics,Mobiles and Tablets,Mobile Accessories,Fuse,1,
Electronics,Mobiles and Tablets,Mobile Accessories,Powerocks,1,
Fashion,Women Clothing,Skirts,Jeifei Dress,2,
Electronics,"TVs, Audio and Video",Portable Audio Players,Ihome,1,
"Beauty, Personal Care and Fragrances",Cosmetics and Personal Care,Skin Care,Academie,2,
"Beauty, Personal Care and Fragrances",Cosmetics and Personal Care,Make Up,Kole,2,
Fashion,Mens Clothing,Jeans,NU ECO,2,
"Beauty, Personal Care and Fragrances",Fragrances,Women's Fragrances,Franco Maxim,2,
Electronics,"TVs, Audio and Video",Headphones and Earphones,Renon,1,
Electronics,Gaming and Accessories,Gaming Titles,THQ Games,1,
Electronics,Mobiles and Tablets,Mobile Accessories,Sandberg,1,
Electronics,"TVs, Audio and Video",Speakers,NoBrand,1,
Fashion,Mens Clothing,Polo Shirts,Brave Soul,2,
Fashion,Mens Clothing,Shorts,Basics,2,
Electronics,"Computers, Laptops and Storage",Storage Devices,lacie,1,
Electronics,"TVs, Audio and Video",Speakers,Unplug,1,
Electronics,"TVs, Audio and Video",TV and AV Accessories,IDEA,1,
"Beauty, Personal Care and Fragrances",Fragrances,Unisex Fragrances,Jathibia World,2,
Home and Kitchen,Kitchenware,Tea and Coffee Serveware,Vikkishop,3,
"Beauty, Personal Care and Fragrances",Personal Appliances,Hair Dryers,Beecool,2,
"Beauty, Personal Care and Fragrances",Fragrances,Mens Fragrances,Mercedes-Benz,2,
Fashion,Mens Clothing,Shorts,Hubberholme,2,
Fashion,Women Clothing,Tops,G,2,
Fashion,Women Clothing,Jackets & Coats,NOI,2,
Fashion,Mens Clothing,T-shirts & Vests,Cult Fiction,2,
Automotive,Car Accessories,Interior Accessories,Belkin,3,
Electronics,Mobiles and Tablets,Tablet Accessories,Targus,1,
"Beauty, Personal Care and Fragrances",Cosmetics and Personal Care,Skin Care,Nature of Morocco,2,
Home and Kitchen,Small Appliances,Choppers and Blenders,Ariete,3,
Electronics,Mobiles and Tablets,Tablet Accessories,Momax,1,
Fashion,Mens Clothing,Polo Shirts,Slub,2,
Electronics,Small Appliances,Personal appliances,Sinbo,1,
Electronics,Mobiles and Tablets,Tablet Accessories,Xcell,1,
Fashion,Mens Clothing,T-shirts & Vests,Cross Hatch,2,
"Beauty, Personal Care and Fragrances",Fragrances,Men's Fragrances,Rasasi,2,
Electronics,"Computers, Laptops and Storage",Computer Accessories,Datalife,1,
Home and Kitchen,Home DÃ©cor,Lamps and Lightings,Basicxx,3,
"Beauty, Personal Care and Fragrances",Cosmetics and Personal Care,Make Up,ELEANOR,2,
Home and Kitchen,Small Appliances,Coffee Makers,Nikai,3,
Electronics,Mobiles and Tablets,Tablet Accessories,Ferrari,1,
Fashion,Mens Clothing,Hoodies & Sweatshirts,!Solid,2,
Electronics,Gaming and Accessories,Gaming Accessories,Playstation,1,
Fashion,Mens Clothing,T-shirts & Vests,Highlander,2,
"Beauty, Personal Care and Fragrances",Cosmetics and Personal Care,Skin Care,Alessandro,2,
"Beauty, Personal Care and Fragrances",Cosmetics and Personal Care,Hair Care,DELIA,2,
Electronics,"Computers, Laptops and Storage",Computer Accessories,IBM,1,
"Beauty, Personal Care and Fragrances",Fragrances,Men's Fragrances,Baugs Sons,2,
Home and Kitchen,Home Furnishing,Bed Linen,Warda,3,
"Beauty, Personal Care and Fragrances",Fragrances,Womens Fragrances,Tommy Hilfiger,2,
"Beauty, Personal Care and Fragrances",Fragrances,Womens Fragrances,Salvatore Ferragamo,2,
Electronics,Gaming and Accessories,Gaming Titles,505 Games,1,
Electronics,Mobiles and Tablets,Mobile Accessories,Clictronic,1,
"Beauty, Personal Care and Fragrances",Fragrances,Womens Fragrances,Jean Paul,2,
Home and Kitchen,Household Supplies,Ironing Accessories,Sonashi,3,
Fashion,Mens Clothing,Polo Shirts,Alcis,2,
Fashion,Womens Clothing,Dresses,ILianYiYi,2,
Home and Kitchen,Small Appliances,Lights and Torches,Tecxus,3,
Fashion,Men's accessories,Belts,Seventy Five,2,
Fashion,Girls Clothing,Infant,W.C,2,
Fashion,Women Clothing,Dresses,Daphnea,2,
Electronics,"TVs, Audio and Video",Speakers,Divoom,1,
Electronics,"Computers, Laptops and Storage",Storage Devices,San Disk,1,
Home and Kitchen,Home Furnishing,Curtains and Accessories,Basicxx,3,
Electronics,"Computers, Laptops and Storage",Laptops,Beecool,1,
Electronics,Mobiles and Tablets,Mobile Accessories,iBox,1,
"Toys, Kids and Baby",Toys and Activities,Activity Sets,Thomas,3,
Fashion,Mens Clothing,Shirts,NU ECO,2,
Fashion,Women Bags,Hand Bags,Juicy Counture,2,
Electronics,Mobiles and Tablets,Mobile Accessories,Mercedes,1,
Home and Kitchen,Kitchenware,Tiffin and Flasks,Nikai,3,
Electronics,"TVs, Audio and Video",Headphones and Earphones,Yison,1,
Fashion,Women Clothing,Jackets & Coats,Ten On Ten,2,
"Toys, Kids and Baby",Toys and Activities,Activity Sets,Batman,3,
Electronics,Mobiles and Tablets,Mobile Accessories,OXO,1,
"Toys, Kids and Baby",Toys and Activities,Activity Sets,Avengers,3,
Fashion,Mens Clothing,T-shirts & Vests,Sdl By Sweet Dreams,2,
"Beauty, Personal Care and Fragrances",Fragrances,Mens Fragrances,Lanvin,2,
"Beauty, Personal Care and Fragrances",Cosmetics and Personal Care,Skin Care,Ciate,2,
Fashion,Womens Accessories,Watches,Diamond Dior,2,
Fashion,Women Clothing,Tops,Miss Bennett,2,
"Toys, Kids and Baby",Toys and Activities,Activity Sets,Simba,3,
Home and Kitchen,Home Tools,Home Improvement,Wysada,3,
Home and Kitchen,Home Tools,Home Improvement,Kole,3,
Home and Kitchen,Kitchenware,Dining and Serving,Beecool,3,
Fashion,Women Clothing,Tops,Faballey,2,
Fashion,Mens Clothing,Shorts,Phosphorus,2,
Electronics,"TVs, Audio and Video",Headphones and Earphones,JVC,1,
Home and Kitchen,Small Appliances,Home Appliances,Sonashi,3,
Fashion,Women Clothing,Dresses,Rapz,2,
Home and Kitchen,Home DÃ©cor,Clocks,Nanda Homes,3,
"Beauty, Personal Care and Fragrances",Fragrances,Womens Fragrances,Chloe,2,
"Beauty, Personal Care and Fragrances",Cosmetics and Personal Care,Make Up,Rimmel,2,
Home and Kitchen,Home Furnishing,Bath Linen,Home Evolution,3,
Fashion,Unisex accessories,Watches,IO?ION!,2,
Fashion,Mens Clothing,T-shirts & Vests,Freecultr Express,2,
Electronics,Small Appliances,Personal appliances,HITACHI,1,
Automotive,Car Accessories,Interior Accessories,Cygnett,3,
Home and Kitchen,Kitchen Appliances,Electric Kettles,Eurostar,3,
Electronics,"Computers, Laptops and Storage",Computer Accessories,Ezquest,1,
"Beauty, Personal Care and Fragrances",Fragrances,Mens Fragrances,NAF NAF,2,
Fashion,Women Clothing,Skirts,Riot Jeans,2,
Automotive,Car Accessories,Interior Accessories,SlingGrip,3,
Fashion,Mens Clothing,Shorts,ZESS,2,
Automotive,Car Accessories,Interior Accessories,ILUV,3,
Home and Kitchen,Home Tools,Home Improvement,Inhouse,3,
Electronics,Mobiles and Tablets,Mobile Accessories,Keeep,1,
Fashion,Men's accessories,Watches,Seventy Five,2,
Fashion,Mens Clothing,Sportswear,Sdl By Sweet Dreams,2,
Fashion,Women Clothing,Pants & Leggings,Mysterious Miss,2,
Electronics,"TVs, Audio and Video",Headphones and Earphones,Samsung,1,
Fashion,Mens Clothing,Polo Shirts,Softwear,2,
"Beauty, Personal Care and Fragrances",Cosmetics and Personal Care,Make Up,GlamGals,2,
"Beauty, Personal Care and Fragrances",Fragrances,Mens Fragrances,SNAP,2,
Fashion,Mens Clothing,Polo Shirts,Gritstones,2,
Electronics,Mobiles and Tablets,Mobile Accessories,Turtle,1,
Fashion,Mens Clothing,Pants & Chinos,Velloche,2,
"Beauty, Personal Care and Fragrances",Cosmetics and Personal Care,Hair Care,Mega,2,
Fashion,Women Bags,Hand Bags,HEYS,2,
Home and Kitchen,Home Tools,Home Improvement,SONASHI,3,
Fashion,Women Clothing,Tops,MB,2,
Fashion,Mens Bags,Bags,HEYS,2,
Fashion,Women Clothing,Skirts,Club L,2,
Electronics,Cameras and Photography,Camera Accessories,Hoya,1,
Electronics,Mobiles and Tablets,Mobile Accessories,BlackBerry,1,
Electronics,Mobiles and Tablets,Mobile Accessories,Renon,1,
Fashion,Womens Accessories,Watches,SWISTON,2,
Fashion,Women Clothing,Tops,Daphnea,2,
Home and Kitchen,Small Appliances,Others,SKROSS,3,
Electronics,Gaming and Accessories,Gaming Titles,2K Games,1,
Electronics,"TVs, Audio and Video",Headphones and Earphones,Nokia,1,
Fashion,Women Clothing,Jumpsuits & Playsuits,Club L,2,
Automotive,Car Accessories,Interior Accessories,Hoco,3,
Electronics,Mobiles and Tablets,Mobile Accessories,Formula,1,
Electronics,"TVs, Audio and Video",Headphones and Earphones,Beecool,1,
Home and Kitchen,Small Appliances,Kitchen Appliances,SONASHI,3,
"Beauty, Personal Care and Fragrances",Fragrances,Mens Fragrances,Capri,2,
Fashion,Mens Clothing,T-shirts & Vests,Lawman Pg3,2,
Fashion,Women Bags,Small Leather Goods,Kole,2,
Fashion,Women Clothing,T-shirts & Vests,Fort Collins,2,
Electronics,"TVs, Audio and Video",Portable Audio Players,Sonashi,1,
Electronics,"Computers, Laptops and Storage",Storage Devices,Tribe,1,
Fashion,Mens Clothing,Shorts,T10 Sports,2,
Electronics,Mobiles and Tablets,Mobile Accessories,eDatalife,1,
Automotive,Car Care,,Arexons,3,
Electronics,"TVs, Audio and Video",Speakers,Bluetooth Speaker,1,
Electronics,"Computers, Laptops and Storage",Computer Accessories,Antivirus,1,
Home and Kitchen,Kitchenware,Cookware and Bakeware,TESCOMA / ITALY,3,
Fashion,Mens Accessories,Watches,LOMAS,2,
Home and Kitchen,Kitchenware,Kitchen Storage,Basicxx,3,
Home and Kitchen,Home Furnishing,"Pillow, Cushion and Covers",Go Travel,3,
Fashion,Mens Clothing,Polo Shirts,D-GREEN,2,
Electronics,Cameras and Photography,Camera Accessories,NoBrand,1,
Home and Kitchen,Home DÃ©cor,Collectibles,Basicxx,3,
"Toys, Kids and Baby",Toys and Activities,Board Games,Clementoni,3,
"Beauty, Personal Care and Fragrances",Cosmetics and Personal Care,Make Up,Sally Hansen,2,
Fashion,Women Clothing,Lingerie & Nightwear,Marie Meili,2,
Electronics,"TVs, Audio and Video",TV and AV Accessories,Sandberg,1,
Electronics,Mobiles and Tablets,Mobile Accessories,Avantree,1,
Fashion,Women Clothing,T-shirts & Vests,MB,2,
Automotive,Car Accessories,Car Care Products,Stoner,3,
Electronics,Mobiles and Tablets,Mobile Accessories,Smart Fuel,1,
Electronics,Cameras and Photography,Camera Accessories,Gopro,1,
Electronics,Cameras and Photography,Camera Accessories,KenKo,1,
Electronics,"TVs, Audio and Video",Headphones and Earphones,Vox,1,
"Beauty, Personal Care and Fragrances",Fragrances,Mens Fragrances,Iceberg,2,
Home and Kitchen,Kitchenware,Kitchen Tools,KORONA / GERMANY,3,
Electronics,Mobiles and Tablets,Tablet Accessories,RivaCase,1,
Electronics,"TVs, Audio and Video",Headphones and Earphones,Nakamichi,1,
Electronics,Mobiles and Tablets,Mobile Accessories,EMTEC,1,
"Beauty, Personal Care and Fragrances",Cosmetics and Personal Care,Make Up,Kardashian Beauty,2,
Fashion,Mens Clothing,Polo Shirts,Ruggers,2,
"Toys, Kids and Baby",Toys and Activities,Soft Toys,SMANIMALS,3,
Fashion,Womens accessories,Jewellery,Jana Imaan,2,
Home and Kitchen,Kitchenware,Kitchen Tools,Sonashi,3,
"Beauty, Personal Care and Fragrances",Cosmetics and Personal Care,Make Up,Bandi,2,
Electronics,Gaming and Accessories,Gaming Accessories,A4TECH,1,
Fashion,Women Clothing,Pants & Leggings,Rattrap,2,
Fashion,Women Clothing,Jackets & Coats,Senora,2,
Fashion,Women Clothing,Skirts,Xniva,2,
Fashion,Mens Clothing,Polo Shirts,Stilo,2,
Home and Kitchen,Kitchenware,Tiffin and Flasks,Wysada,3,
"Beauty, Personal Care and Fragrances",Cosmetics and Personal Care,Make Up,Alessandro,2,
"Beauty, Personal Care and Fragrances",Cosmetics and Personal Care,Make Up,Ciate,2,
Electronics,Mobiles and Tablets,Mobile Accessories,PowerUp,1,
"Beauty, Personal Care and Fragrances",Cosmetics and Personal Care,Make Up,Lottie,2,
"Beauty, Personal Care and Fragrances",Cosmetics and Personal Care,Hair Care,Finan,2,
Automotive,Car Accessories,Interior Accessories,iWalk,3,
Home and Kitchen,Kitchenware,Bar and Glassware,Basicxx,3,
Electronics,"Computers, Laptops and Storage",Computer Accessories,Beecool,1,
Home and Kitchen,Kitchenware,Dining and Serving,Basicxx,3,
"Beauty, Personal Care and Fragrances",Cosmetics and Personal Care,Make Up,Dmgm,2,
"Toys, Kids and Baby",Toys and Activities,Dolls and Doll Houses,Simba,3,
Electronics,"TVs, Audio and Video",Headphones and Earphones,Logitech,1,
"Toys, Kids and Baby",Toys and Activities,Activity Sets,INTEX,3,
Electronics,Mobiles and Tablets,Mobile Accessories,Hoco,1,
Electronics,"Computers, Laptops and Storage",Computer Accessories,TwinMOS,1,
"Toys, Kids and Baby",Toys and Activities,Art and Crafts,Simba,3,
"Beauty, Personal Care and Fragrances",Cosmetics and Personal Care,Bath and Body,DELIA,2,
"Health, Nutrition and Sports",Health,Health Devices,Elekta,3,
Electronics,Mobiles and Tablets,Mobile Accessories,Booq,1,
Electronics,Mobiles and Tablets,Mobiles & Tablets,Brand 2,1,
"Toys, Kids and Baby",Baby and Toddlers,Baby Bath and Skin,Pampers,3,
Home and Kitchen,Home DÃ©cor,Lamps and Lightings,SONASHI,3,
Home and Kitchen,Small Appliances,Ovens and OTGs,SONASHI,3,
